plane_id,id,flight_number,airline_id,departure_airport,arrival_airport,departure_time,arrival_time
11,1,FL-0001,7,13,24,2025-01-04 08:42:51.267158,2025-01-04 11:42:51.267158
30,2,FL-0002,2,2,15,2025-01-09 06:23:02.031886,2025-01-09 17:23:02.031886
28,3,FL-0003,6,15,13,2025-01-02 22:52:13.649991,2025-01-03 06:52:13.649991
22,4,FL-0004,8,22,11,2025-01-02 02:20:09.496828,2025-01-02 07:20:09.496828
8,5,FL-0005,5,17,19,2025-01-10 11:26:29.993672,2025-01-10 15:26:29.993672
1,6,FL-0006,3,6,10,2025-01-07 12:23:20.573286,2025-01-07 22:23:20.573286
7,7,FL-0007,9,14,17,2025-01-03 03:47:18.266648,2025-01-03 05:47:18.266648
6,8,FL-0008,5,24,20,2025-01-12 15:39:01.751146,2025-01-13 02:39:01.751146
25,9,FL-0009,7,20,24,2025-01-09 18:37:25.295767,2025-01-09 23:37:25.295767
14,10,FL-0010,9,10,14,2025-01-11 15:09:37.871817,2025-01-12 02:09:37.871817
12,11,FL-0011,10,15,18,2025-01-12 10:58:26.292440,2025-01-12 17:58:26.292440
21,12,FL-0012,6,9,25,2025-01-07 11:34:43.449552,2025-01-07 22:34:43.449552
10,13,FL-0013,6,25,4,2025-01-13 01:31:34.301383,2025-01-13 12:31:34.301383
28,14,FL-0014,6,22,14,2025-01-07 08:58:55.249074,2025-01-07 17:58:55.249074
9,15,FL-0015,5,23,19,2025-01-04 23:35:49.465874,2025-01-05 06:35:49.465874
14,16,FL-0016,7,16,25,2025-01-03 17:01:26.361121,2025-01-03 20:01:26.361121
19,17,FL-0017,5,12,7,2025-01-01 15:23:18.949610,2025-01-01 21:23:18.949610
10,18,FL-0018,5,21,4,2025-01-03 14:51:07.586374,2025-01-04 01:51:07.586374
2,19,FL-0019,5,25,18,2025-01-06 12:04:37.841046,2025-01-06 15:04:37.841046
15,20,FL-0020,1,22,23,2025-01-09 21:07:20.327283,2025-01-10 02:07:20.327283
16,21,FL-0021,9,18,9,2025-01-05 23:17:47.685212,2025-01-06 02:17:47.685212
19,22,FL-0022,5,22,19,2025-01-02 06:38:58.751427,2025-01-02 14:38:58.751427
30,23,FL-0023,3,8,13,2025-01-05 17:05:51.411154,2025-01-06 05:05:51.411154
12,24,FL-0024,10,18,15,2025-01-06 16:12:11.529035,2025-01-06 20:12:11.529035
13,25,FL-0025,10,16,13,2025-01-12 04:58:59.924384,2025-01-12 12:58:59.924384
24,26,FL-0026,2,24,15,2025-01-01 11:09:03.160801,2025-01-01 12:09:03.160801
27,27,FL-0027,8,7,20,2025-01-05 11:55:41.581085,2025-01-05 13:55:41.581085
19,28,FL-0028,9,22,10,2025-01-02 15:58:33.271907,2025-01-02 22:58:33.271907
13,29,FL-0029,10,11,6,2025-01-12 02:40:52.223051,2025-01-12 05:40:52.223051
21,30,FL-0030,7,19,6,2025-01-10 12:22:00.377462,2025-01-10 18:22:00.377462
21,31,FL-0031,9,12,15,2025-01-11 08:51:16.528985,2025-01-11 20:51:16.528985
4,32,FL-0032,10,24,16,2025-01-01 19:10:53.417293,2025-01-01 21:10:53.417293
15,33,FL-0033,4,22,1,2025-01-06 19:13:36.519214,2025-01-07 02:13:36.519214
25,34,FL-0034,1,14,17,2025-01-06 13:51:47.312883,2025-01-06 16:51:47.312883
12,35,FL-0035,6,11,10,2025-01-05 23:13:12.853746,2025-01-06 03:13:12.853746
19,36,FL-0036,4,4,23,2025-01-07 06:37:20.147868,2025-01-07 14:37:20.147868
25,37,FL-0037,9,23,22,2025-01-07 02:14:47.186703,2025-01-07 05:14:47.186703
4,38,FL-0038,6,17,3,2025-01-10 09:46:03.991754,2025-01-10 17:46:03.991754
3,39,FL-0039,10,8,12,2025-01-03 16:51:08.733079,2025-01-03 18:51:08.733079
3,40,FL-0040,8,15,11,2025-01-05 20:07:16.492336,2025-01-06 08:07:16.492336
27,41,FL-0041,4,20,19,2025-01-08 08:58:52.468417,2025-01-08 12:58:52.468417
26,42,FL-0042,8,21,15,2025-01-10 01:01:42.149056,2025-01-10 10:01:42.149056
25,43,FL-0043,6,12,4,2025-01-05 14:17:03.780947,2025-01-05 19:17:03.780947
24,44,FL-0044,2,8,2,2025-01-13 00:08:13.997401,2025-01-13 12:08:13.997401
4,45,FL-0045,8,14,5,2025-01-09 18:39:34.989382,2025-01-09 19:39:34.989382
23,46,FL-0046,4,4,9,2025-01-11 04:06:05.404994,2025-01-11 15:06:05.404994
11,47,FL-0047,10,22,6,2025-01-12 14:04:36.460059,2025-01-12 21:04:36.460059
17,48,FL-0048,9,9,7,2025-01-01 22:03:15.723938,2025-01-02 06:03:15.723938
22,49,FL-0049,5,18,24,2025-01-09 05:45:02.982005,2025-01-09 16:45:02.982005
16,50,FL-0050,5,22,12,2025-01-03 06:31:55.268805,2025-01-03 10:31:55.268805
6,51,FL-0051,9,12,19,2025-01-01 17:53:14.255445,2025-01-02 04:53:14.255445
26,52,FL-0052,2,12,8,2025-01-10 09:54:56.539325,2025-01-10 16:54:56.539325
21,53,FL-0053,6,2,16,2025-01-08 19:24:29.776325,2025-01-08 22:24:29.776325
10,54,FL-0054,10,3,11,2025-01-08 15:13:20.115347,2025-01-08 21:13:20.115347
3,55,FL-0055,1,7,17,2025-01-08 12:05:29.892195,2025-01-08 15:05:29.892195
4,56,FL-0056,10,2,16,2025-01-10 12:39:17.901380,2025-01-10 17:39:17.901380
19,57,FL-0057,7,24,14,2025-01-12 22:42:35.906210,2025-01-13 09:42:35.906210
11,58,FL-0058,10,7,21,2025-01-13 08:42:11.931535,2025-01-13 15:42:11.931535
26,59,FL-0059,4,1,2,2025-01-02 09:41:07.146344,2025-01-02 18:41:07.146344
16,60,FL-0060,9,9,16,2025-01-07 02:54:41.533325,2025-01-07 05:54:41.533325
7,61,FL-0061,9,8,13,2025-01-13 03:42:38.467639,2025-01-13 09:42:38.467639
24,62,FL-0062,4,4,18,2025-01-13 08:22:01.252909,2025-01-13 19:22:01.252909
3,63,FL-0063,1,2,8,2025-01-05 23:23:49.383381,2025-01-06 04:23:49.383381
7,64,FL-0064,6,7,19,2025-01-04 02:41:15.248628,2025-01-04 10:41:15.248628
18,65,FL-0065,3,19,25,2025-01-09 07:46:46.811673,2025-01-09 08:46:46.811673
30,66,FL-0066,6,4,10,2025-01-13 09:25:24.058747,2025-01-13 14:25:24.058747
3,67,FL-0067,3,23,1,2025-01-09 21:32:43.365479,2025-01-10 02:32:43.365479
10,68,FL-0068,8,15,25,2025-01-01 06:31:48.071892,2025-01-01 16:31:48.071892
30,69,FL-0069,7,1,21,2025-01-11 14:48:38.109121,2025-01-12 02:48:38.109121
28,70,FL-0070,6,1,17,2025-01-06 13:37:26.777704,2025-01-06 18:37:26.777704
29,71,FL-0071,4,7,10,2025-01-04 03:18:59.546469,2025-01-04 04:18:59.546469
3,72,FL-0072,3,11,8,2025-01-10 18:22:42.580118,2025-01-11 04:22:42.580118
4,73,FL-0073,3,2,4,2025-01-04 16:31:44.493767,2025-01-04 21:31:44.493767
19,74,FL-0074,4,2,19,2025-01-04 21:21:58.864063,2025-01-05 02:21:58.864063
27,75,FL-0075,2,20,9,2025-01-12 05:34:19.695785,2025-01-12 09:34:19.695785
21,76,FL-0076,10,1,14,2025-01-09 11:14:11.428607,2025-01-09 15:14:11.428607
28,77,FL-0077,3,19,23,2025-01-04 13:23:07.975363,2025-01-04 20:23:07.975363
8,78,FL-0078,9,18,9,2025-01-10 04:46:55.850891,2025-01-10 16:46:55.850891
26,79,FL-0079,5,10,7,2025-01-06 16:31:19.828806,2025-01-06 20:31:19.828806
18,80,FL-0080,7,12,20,2025-01-02 14:15:05.940604,2025-01-03 02:15:05.940604
19,81,FL-0081,2,20,7,2025-01-10 06:14:29.310893,2025-01-10 07:14:29.310893
22,82,FL-0082,6,23,13,2025-01-04 08:02:41.653312,2025-01-04 10:02:41.653312
15,83,FL-0083,4,19,1,2025-01-03 08:51:24.602657,2025-01-03 12:51:24.602657
1,84,FL-0084,5,16,1,2025-01-02 13:41:06.498044,2025-01-02 20:41:06.498044
3,85,FL-0085,2,11,19,2025-01-12 06:03:05.324764,2025-01-12 17:03:05.324764
6,86,FL-0086,5,22,1,2025-01-02 06:00:54.376865,2025-01-02 09:00:54.376865
15,87,FL-0087,9,17,16,2025-01-01 01:39:44.330200,2025-01-01 03:39:44.330200
6,88,FL-0088,1,3,14,2025-01-10 19:00:27.092138,2025-01-10 20:00:27.092138
26,89,FL-0089,10,15,24,2025-01-02 18:00:33.081431,2025-01-03 04:00:33.081431
19,90,FL-0090,10,6,25,2025-01-01 15:41:12.242016,2025-01-01 18:41:12.242016
12,91,FL-0091,10,25,10,2025-01-05 03:00:11.878232,2025-01-05 12:00:11.878232
17,92,FL-0092,2,10,23,2025-01-02 23:26:30.393263,2025-01-03 05:26:30.393263
22,93,FL-0093,1,5,16,2025-01-01 12:16:14.842885,2025-01-01 21:16:14.842885
17,94,FL-0094,9,24,23,2025-01-02 23:41:34.891165,2025-01-03 01:41:34.891165
9,95,FL-0095,5,17,19,2025-01-13 10:36:16.367525,2025-01-13 22:36:16.367525
26,96,FL-0096,9,24,12,2025-01-12 22:23:26.209759,2025-01-13 08:23:26.209759
11,97,FL-0097,1,5,18,2025-01-09 20:03:52.042334,2025-01-10 04:03:52.042334
16,98,FL-0098,3,1,15,2025-01-11 08:06:26.833425,2025-01-11 11:06:26.833425
25,99,FL-0099,8,4,9,2025-01-13 03:30:38.579381,2025-01-13 15:30:38.579381
5,100,FL-0100,3,18,8,2025-01-08 00:30:25.410216,2025-01-08 09:30:25.410216
30,101,FL-0101,5,13,16,2025-01-09 05:54:42.188334,2025-01-09 06:54:42.188334
14,102,FL-0102,1,20,16,2025-01-03 21:44:21.619094,2025-01-03 22:44:21.619094
7,103,FL-0103,6,12,8,2025-01-02 15:52:46.557682,2025-01-03 01:52:46.557682
17,104,FL-0104,7,12,22,2025-01-12 01:31:57.736637,2025-01-12 05:31:57.736637
2,105,FL-0105,9,2,3,2025-01-01 02:06:35.796976,2025-01-01 03:06:35.796976
3,106,FL-0106,10,10,20,2025-01-09 13:19:44.537258,2025-01-09 19:19:44.537258
9,107,FL-0107,9,19,16,2025-01-09 03:47:44.371066,2025-01-09 11:47:44.371066
26,108,FL-0108,8,1,7,2025-01-01 17:40:47.341092,2025-01-02 04:40:47.341092
29,109,FL-0109,5,21,9,2025-01-09 18:59:42.488556,2025-01-10 03:59:42.488556
26,110,FL-0110,9,4,3,2025-01-11 19:08:12.264295,2025-01-12 04:08:12.264295
23,111,FL-0111,8,10,14,2025-01-07 05:18:27.837883,2025-01-07 15:18:27.837883
17,112,FL-0112,1,3,12,2025-01-09 09:42:02.257244,2025-01-09 12:42:02.257244
8,113,FL-0113,1,22,25,2025-01-10 17:36:13.256116,2025-01-10 18:36:13.256116
26,114,FL-0114,3,1,7,2025-01-11 13:45:54.966473,2025-01-11 14:45:54.966473
28,115,FL-0115,4,21,6,2025-01-12 17:26:27.765085,2025-01-12 19:26:27.765085
24,116,FL-0116,3,11,19,2025-01-13 06:20:59.339682,2025-01-13 09:20:59.339682
4,117,FL-0117,10,12,2,2025-01-01 22:35:24.210931,2025-01-02 10:35:24.210931
15,118,FL-0118,9,3,22,2025-01-07 21:21:53.445103,2025-01-08 09:21:53.445103
14,119,FL-0119,3,17,22,2025-01-06 08:33:13.441705,2025-01-06 16:33:13.441705
8,120,FL-0120,1,15,6,2025-01-03 09:33:35.959888,2025-01-03 16:33:35.959888
27,121,FL-0121,3,8,25,2025-01-12 05:05:07.125903,2025-01-12 09:05:07.125903
23,122,FL-0122,5,21,13,2025-01-13 05:23:20.467400,2025-01-13 12:23:20.467400
27,123,FL-0123,5,13,3,2025-01-05 11:40:07.792527,2025-01-05 22:40:07.792527
18,124,FL-0124,9,7,8,2025-01-01 11:20:36.536426,2025-01-01 12:20:36.536426
23,125,FL-0125,2,15,16,2025-01-06 09:52:21.947105,2025-01-06 15:52:21.947105
24,126,FL-0126,5,11,23,2025-01-04 21:15:53.146379,2025-01-05 04:15:53.146379
27,127,FL-0127,9,11,17,2025-01-12 07:40:30.843912,2025-01-12 18:40:30.843912
11,128,FL-0128,8,8,10,2025-01-13 00:08:58.417396,2025-01-13 06:08:58.417396
2,129,FL-0129,7,12,3,2025-01-06 11:22:42.737681,2025-01-06 14:22:42.737681
25,130,FL-0130,2,6,9,2025-01-12 16:46:23.954392,2025-01-12 18:46:23.954392
8,131,FL-0131,4,2,16,2025-01-01 06:14:59.912229,2025-01-01 16:14:59.912229
4,132,FL-0132,7,22,4,2025-01-09 04:26:53.091224,2025-01-09 06:26:53.091224
18,133,FL-0133,3,19,22,2025-01-10 17:03:25.979652,2025-01-11 05:03:25.979652
1,134,FL-0134,2,25,11,2025-01-07 04:48:13.170519,2025-01-07 07:48:13.170519
23,135,FL-0135,7,7,9,2025-01-10 22:29:34.625462,2025-01-11 09:29:34.625462
14,136,FL-0136,6,1,9,2025-01-02 21:16:41.637268,2025-01-03 00:16:41.637268
10,137,FL-0137,6,16,22,2025-01-02 07:45:26.160635,2025-01-02 13:45:26.160635
9,138,FL-0138,3,5,25,2025-01-10 14:15:41.469593,2025-01-10 15:15:41.469593
12,139,FL-0139,3,24,12,2025-01-07 18:40:55.439176,2025-01-07 23:40:55.439176
11,140,FL-0140,6,18,3,2025-01-04 16:36:06.066527,2025-01-05 00:36:06.066527
16,141,FL-0141,3,15,17,2025-01-04 20:58:13.765639,2025-01-04 21:58:13.765639
6,142,FL-0142,5,23,16,2025-01-06 17:11:49.350995,2025-01-07 03:11:49.350995
8,143,FL-0143,5,8,10,2025-01-12 14:04:07.915902,2025-01-12 18:04:07.915902
26,144,FL-0144,7,13,1,2025-01-13 03:44:45.033901,2025-01-13 10:44:45.033901
30,145,FL-0145,10,24,8,2025-01-05 11:29:42.044775,2025-01-05 20:29:42.044775
21,146,FL-0146,7,24,9,2025-01-01 17:55:14.125060,2025-01-01 23:55:14.125060
21,147,FL-0147,2,16,17,2025-01-09 03:38:22.145570,2025-01-09 15:38:22.145570
25,148,FL-0148,4,18,10,2025-01-04 16:12:34.958355,2025-01-05 00:12:34.958355
18,149,FL-0149,10,8,14,2025-01-06 22:07:55.604294,2025-01-07 02:07:55.604294
9,150,FL-0150,4,3,15,2025-01-12 18:36:36.991402,2025-01-13 03:36:36.991402
27,151,FL-0151,7,12,6,2025-01-02 14:52:15.598075,2025-01-03 02:52:15.598075
1,152,FL-0152,5,19,22,2025-01-12 17:26:55.085424,2025-01-13 00:26:55.085424
5,153,FL-0153,5,9,16,2025-01-03 22:29:24.524406,2025-01-04 10:29:24.524406
10,154,FL-0154,1,4,2,2025-01-12 04:30:03.573119,2025-01-12 16:30:03.573119
13,155,FL-0155,9,24,15,2025-01-08 14:13:31.712891,2025-01-08 16:13:31.712891
3,156,FL-0156,8,22,13,2025-01-04 05:37:19.297407,2025-01-04 09:37:19.297407
6,157,FL-0157,4,11,20,2025-01-12 02:19:29.349440,2025-01-12 09:19:29.349440
20,158,FL-0158,7,9,19,2025-01-12 10:06:15.565420,2025-01-12 19:06:15.565420
21,159,FL-0159,5,19,1,2025-01-02 04:43:43.557292,2025-01-02 16:43:43.557292
25,160,FL-0160,9,13,8,2025-01-02 06:09:18.318631,2025-01-02 08:09:18.318631
11,161,FL-0161,5,18,11,2025-01-08 06:32:32.953110,2025-01-08 11:32:32.953110
24,162,FL-0162,3,18,13,2025-01-03 21:22:18.774873,2025-01-04 04:22:18.774873
3,163,FL-0163,10,24,5,2025-01-01 15:47:06.628007,2025-01-01 23:47:06.628007
8,164,FL-0164,5,12,3,2025-01-03 00:03:38.900831,2025-01-03 05:03:38.900831
20,165,FL-0165,7,10,8,2025-01-08 02:31:47.912084,2025-01-08 07:31:47.912084
11,166,FL-0166,10,25,22,2025-01-10 20:42:57.322637,2025-01-11 08:42:57.322637
13,167,FL-0167,8,10,20,2025-01-03 09:30:04.239172,2025-01-03 15:30:04.239172
3,168,FL-0168,9,24,12,2025-01-05 22:15:53.391688,2025-01-06 10:15:53.391688
22,169,FL-0169,6,5,12,2025-01-12 08:15:32.741423,2025-01-12 16:15:32.741423
5,170,FL-0170,1,10,15,2025-01-07 01:56:59.191691,2025-01-07 03:56:59.191691
23,171,FL-0171,5,20,7,2025-01-07 17:41:14.525287,2025-01-07 22:41:14.525287
4,172,FL-0172,1,11,2,2025-01-12 00:39:08.393239,2025-01-12 11:39:08.393239
14,173,FL-0173,10,17,3,2025-01-11 06:53:10.182719,2025-01-11 14:53:10.182719
26,174,FL-0174,8,22,10,2025-01-07 09:27:38.359231,2025-01-07 14:27:38.359231
9,175,FL-0175,3,3,4,2025-01-06 08:05:35.811775,2025-01-06 09:05:35.811775
6,176,FL-0176,10,16,10,2025-01-09 17:40:52.650613,2025-01-09 18:40:52.650613
16,177,FL-0177,2,4,23,2025-01-04 08:30:02.783452,2025-01-04 13:30:02.783452
26,178,FL-0178,6,3,19,2025-01-03 18:38:24.021108,2025-01-03 23:38:24.021108
13,179,FL-0179,1,25,14,2025-01-09 10:26:00.547767,2025-01-09 11:26:00.547767
28,180,FL-0180,3,23,14,2025-01-05 07:41:15.919856,2025-01-05 17:41:15.919856
17,181,FL-0181,2,13,2,2025-01-08 12:43:48.276919,2025-01-08 23:43:48.276919
5,182,FL-0182,10,20,5,2025-01-03 11:12:07.269801,2025-01-03 14:12:07.269801
21,183,FL-0183,10,5,19,2025-01-04 01:33:10.055236,2025-01-04 07:33:10.055236
8,184,FL-0184,6,16,25,2025-01-11 19:24:49.182947,2025-01-12 06:24:49.182947
30,185,FL-0185,2,17,1,2025-01-10 16:56:13.666958,2025-01-11 01:56:13.666958
2,186,FL-0186,6,5,25,2025-01-04 11:41:11.557243,2025-01-04 22:41:11.557243
17,187,FL-0187,10,4,16,2025-01-01 21:53:53.175581,2025-01-02 05:53:53.175581
17,188,FL-0188,2,24,6,2025-01-02 23:21:16.315869,2025-01-03 03:21:16.315869
4,189,FL-0189,10,20,3,2025-01-08 06:00:00.824070,2025-01-08 13:00:00.824070
5,190,FL-0190,1,10,14,2025-01-12 12:10:46.810954,2025-01-12 20:10:46.810954
24,191,FL-0191,10,3,15,2025-01-09 19:04:36.021164,2025-01-10 02:04:36.021164
17,192,FL-0192,8,24,23,2025-01-01 16:09:47.823583,2025-01-02 03:09:47.823583
7,193,FL-0193,7,8,4,2025-01-04 16:25:42.596438,2025-01-05 03:25:42.596438
5,194,FL-0194,4,17,18,2025-01-09 19:44:17.327226,2025-01-10 02:44:17.327226
16,195,FL-0195,9,23,3,2025-01-10 10:06:13.985298,2025-01-10 15:06:13.985298
21,196,FL-0196,3,3,23,2025-01-05 01:40:22.721811,2025-01-05 04:40:22.721811
24,197,FL-0197,8,9,10,2025-01-02 14:40:28.720582,2025-01-02 16:40:28.720582
8,198,FL-0198,6,11,12,2025-01-11 11:51:11.663036,2025-01-11 19:51:11.663036
9,199,FL-0199,10,3,5,2025-01-02 04:57:47.076948,2025-01-02 15:57:47.076948
25,200,FL-0200,3,16,23,2025-01-08 22:11:24.014707,2025-01-09 10:11:24.014707
2,201,FL-0201,2,18,15,2025-01-03 18:43:20.607553,2025-01-03 22:43:20.607553
22,202,FL-0202,4,14,5,2025-01-07 17:19:21.283877,2025-01-08 02:19:21.283877
26,203,FL-0203,10,20,21,2025-01-12 13:59:11.015648,2025-01-13 00:59:11.015648
25,204,FL-0204,1,17,1,2025-01-13 09:19:46.808986,2025-01-13 10:19:46.808986
24,205,FL-0205,9,23,7,2025-01-03 13:27:46.586414,2025-01-03 14:27:46.586414
13,206,FL-0206,5,2,10,2025-01-06 09:50:03.812163,2025-01-06 13:50:03.812163
30,207,FL-0207,5,11,1,2025-01-02 06:57:34.861108,2025-01-02 15:57:34.861108
9,208,FL-0208,5,25,6,2025-01-07 23:11:28.226519,2025-01-08 08:11:28.226519
24,209,FL-0209,2,3,19,2025-01-09 07:07:41.854468,2025-01-09 13:07:41.854468
2,210,FL-0210,1,15,9,2025-01-03 23:57:59.730544,2025-01-04 08:57:59.730544
5,211,FL-0211,2,9,2,2025-01-02 18:44:25.851838,2025-01-02 22:44:25.851838
8,212,FL-0212,4,10,16,2025-01-09 03:33:08.377602,2025-01-09 14:33:08.377602
19,213,FL-0213,8,11,1,2025-01-05 23:01:48.334330,2025-01-06 03:01:48.334330
10,214,FL-0214,4,13,18,2025-01-10 23:47:00.959852,2025-01-11 02:47:00.959852
8,215,FL-0215,3,17,21,2025-01-09 17:58:07.240201,2025-01-09 21:58:07.240201
10,216,FL-0216,10,21,8,2025-01-03 06:03:14.429459,2025-01-03 13:03:14.429459
16,217,FL-0217,2,2,10,2025-01-01 14:38:49.610027,2025-01-01 19:38:49.610027
9,218,FL-0218,1,25,13,2025-01-11 05:36:37.445697,2025-01-11 11:36:37.445697
10,219,FL-0219,1,13,12,2025-01-12 03:45:21.872107,2025-01-12 12:45:21.872107
24,220,FL-0220,4,4,1,2025-01-03 08:21:34.818457,2025-01-03 12:21:34.818457
1,221,FL-0221,3,3,12,2025-01-12 13:50:19.698954,2025-01-12 20:50:19.698954
25,222,FL-0222,6,6,4,2025-01-07 08:34:49.346875,2025-01-07 18:34:49.346875
21,223,FL-0223,8,5,17,2025-01-11 02:02:21.950083,2025-01-11 12:02:21.950083
15,224,FL-0224,9,23,15,2025-01-09 01:20:10.428612,2025-01-09 06:20:10.428612
30,225,FL-0225,10,4,14,2025-01-12 01:45:48.344952,2025-01-12 05:45:48.344952
14,226,FL-0226,10,3,18,2025-01-04 13:37:30.735625,2025-01-04 23:37:30.735625
11,227,FL-0227,1,10,22,2025-01-12 16:23:20.508324,2025-01-12 23:23:20.508324
25,228,FL-0228,8,12,20,2025-01-09 03:38:55.343320,2025-01-09 12:38:55.343320
15,229,FL-0229,5,8,3,2025-01-12 13:56:29.741978,2025-01-12 20:56:29.741978
11,230,FL-0230,6,21,24,2025-01-06 00:35:41.789680,2025-01-06 04:35:41.789680
12,231,FL-0231,7,14,11,2025-01-08 17:05:41.964123,2025-01-09 05:05:41.964123
13,232,FL-0232,1,2,1,2025-01-13 08:13:34.855306,2025-01-13 17:13:34.855306
10,233,FL-0233,8,10,22,2025-01-06 01:43:32.000722,2025-01-06 04:43:32.000722
6,234,FL-0234,6,4,11,2025-01-03 04:11:11.518918,2025-01-03 11:11:11.518918
21,235,FL-0235,10,10,8,2025-01-07 00:42:10.915536,2025-01-07 05:42:10.915536
16,236,FL-0236,8,23,24,2025-01-13 08:22:54.101120,2025-01-13 11:22:54.101120
21,237,FL-0237,7,2,15,2025-01-13 09:47:35.103652,2025-01-13 17:47:35.103652
2,238,FL-0238,3,22,16,2025-01-09 09:17:54.942253,2025-01-09 21:17:54.942253
25,239,FL-0239,5,14,16,2025-01-10 14:32:44.110582,2025-01-10 16:32:44.110582
22,240,FL-0240,3,5,9,2025-01-11 23:51:50.051378,2025-01-12 10:51:50.051378
13,241,FL-0241,7,8,18,2025-01-12 09:04:08.239623,2025-01-12 16:04:08.239623
20,242,FL-0242,6,23,16,2025-01-08 02:34:23.201233,2025-01-08 07:34:23.201233
11,243,FL-0243,10,16,19,2025-01-09 22:41:48.639620,2025-01-10 10:41:48.639620
8,244,FL-0244,2,24,18,2025-01-08 19:40:09.947336,2025-01-09 02:40:09.947336
30,245,FL-0245,3,22,20,2025-01-10 18:22:06.572991,2025-01-11 05:22:06.572991
15,246,FL-0246,4,19,17,2025-01-03 18:56:22.238747,2025-01-04 05:56:22.238747
9,247,FL-0247,8,8,12,2025-01-07 22:56:33.851264,2025-01-08 08:56:33.851264
3,248,FL-0248,1,11,5,2025-01-12 22:29:08.787825,2025-01-13 00:29:08.787825
17,249,FL-0249,9,15,4,2025-01-04 01:15:24.292414,2025-01-04 04:15:24.292414
20,250,FL-0250,8,1,8,2025-01-08 16:51:12.949194,2025-01-09 00:51:12.949194
29,251,FL-0251,2,8,10,2025-01-02 07:17:59.795752,2025-01-02 14:17:59.795752
30,252,FL-0252,9,1,17,2025-01-09 00:24:23.427280,2025-01-09 03:24:23.427280
16,253,FL-0253,4,3,15,2025-01-11 16:00:51.502272,2025-01-11 20:00:51.502272
22,254,FL-0254,7,1,22,2025-01-11 16:03:39.485600,2025-01-12 03:03:39.485600
12,255,FL-0255,1,1,24,2025-01-04 15:43:24.668620,2025-01-04 17:43:24.668620
30,256,FL-0256,6,7,9,2025-01-03 19:34:55.935464,2025-01-04 07:34:55.935464
20,257,FL-0257,3,17,7,2025-01-02 03:30:32.930600,2025-01-02 14:30:32.930600
9,258,FL-0258,1,21,9,2025-01-06 13:01:06.904787,2025-01-07 00:01:06.904787
8,259,FL-0259,7,18,3,2025-01-12 17:48:44.986974,2025-01-12 23:48:44.986974
17,260,FL-0260,9,1,13,2025-01-07 14:31:15.450032,2025-01-07 21:31:15.450032
30,261,FL-0261,7,14,19,2025-01-02 04:12:31.891991,2025-01-02 05:12:31.891991
11,262,FL-0262,3,4,12,2025-01-05 16:50:45.216054,2025-01-05 19:50:45.216054
26,263,FL-0263,2,14,1,2025-01-09 21:47:48.581940,2025-01-10 01:47:48.581940
12,264,FL-0264,6,8,15,2025-01-04 07:31:37.784793,2025-01-04 09:31:37.784793
7,265,FL-0265,9,23,3,2025-01-05 17:43:43.214982,2025-01-06 05:43:43.214982
19,266,FL-0266,8,8,16,2025-01-11 04:22:02.565282,2025-01-11 06:22:02.565282
21,267,FL-0267,1,14,21,2025-01-09 21:58:24.951601,2025-01-10 06:58:24.951601
17,268,FL-0268,2,4,24,2025-01-03 03:16:44.615247,2025-01-03 10:16:44.615247
3,269,FL-0269,8,24,2,2025-01-07 16:40:59.349741,2025-01-07 21:40:59.349741
2,270,FL-0270,9,9,15,2025-01-02 15:43:08.401901,2025-01-02 21:43:08.401901
2,271,FL-0271,7,14,10,2025-01-07 12:20:59.026865,2025-01-07 20:20:59.026865
18,272,FL-0272,1,7,22,2025-01-02 15:00:13.679785,2025-01-02 20:00:13.679785
5,273,FL-0273,10,3,21,2025-01-02 18:03:13.404868,2025-01-03 03:03:13.404868
25,274,FL-0274,1,25,3,2025-01-13 04:58:32.952615,2025-01-13 08:58:32.952615
13,275,FL-0275,7,9,6,2025-01-03 21:20:18.027369,2025-01-03 22:20:18.027369
8,276,FL-0276,8,3,21,2025-01-08 23:12:56.785304,2025-01-09 11:12:56.785304
29,277,FL-0277,7,1,14,2025-01-08 00:25:57.772423,2025-01-08 12:25:57.772423
21,278,FL-0278,6,10,8,2025-01-03 02:00:02.592264,2025-01-03 06:00:02.592264
21,279,FL-0279,4,9,5,2025-01-01 09:06:24.574676,2025-01-01 12:06:24.574676
20,280,FL-0280,9,13,18,2025-01-12 05:27:41.539109,2025-01-12 17:27:41.539109
13,281,FL-0281,4,14,12,2025-01-08 12:30:12.216584,2025-01-08 17:30:12.216584
29,282,FL-0282,6,10,15,2025-01-02 18:29:40.316407,2025-01-03 03:29:40.316407
23,283,FL-0283,6,6,11,2025-01-05 06:06:33.052916,2025-01-05 18:06:33.052916
29,284,FL-0284,1,18,9,2025-01-05 04:00:30.842371,2025-01-05 09:00:30.842371
24,285,FL-0285,4,6,22,2025-01-08 10:08:45.082542,2025-01-08 17:08:45.082542
27,286,FL-0286,2,22,24,2025-01-11 06:53:05.714316,2025-01-11 09:53:05.714316
3,287,FL-0287,1,11,23,2025-01-10 13:50:46.765335,2025-01-11 00:50:46.765335
20,288,FL-0288,4,15,7,2025-01-09 08:01:26.937840,2025-01-09 11:01:26.937840
13,289,FL-0289,6,1,14,2025-01-02 15:13:33.929227,2025-01-03 02:13:33.929227
2,290,FL-0290,10,12,16,2025-01-01 08:27:27.852081,2025-01-01 15:27:27.852081
23,291,FL-0291,9,25,22,2025-01-08 01:47:40.220825,2025-01-08 03:47:40.220825
16,292,FL-0292,7,13,5,2025-01-04 16:17:39.250757,2025-01-05 01:17:39.250757
11,293,FL-0293,1,25,7,2025-01-05 18:15:13.426704,2025-01-06 04:15:13.426704
6,294,FL-0294,6,9,14,2025-01-08 19:23:56.226207,2025-01-09 02:23:56.226207
24,295,FL-0295,3,5,21,2025-01-05 23:29:57.498386,2025-01-06 09:29:57.498386
13,296,FL-0296,6,19,11,2025-01-03 15:59:49.053592,2025-01-04 00:59:49.053592
4,297,FL-0297,4,18,16,2025-01-10 01:29:19.055933,2025-01-10 10:29:19.055933
4,298,FL-0298,3,21,16,2025-01-04 05:04:41.430629,2025-01-04 09:04:41.430629
30,299,FL-0299,9,17,8,2025-01-12 02:34:09.180537,2025-01-12 11:34:09.180537
8,300,FL-0300,9,24,9,2025-01-12 01:07:04.333690,2025-01-12 07:07:04.333690
11,301,FL-0301,9,7,8,2025-01-09 02:09:27.368510,2025-01-09 06:09:27.368510
29,302,FL-0302,3,7,1,2025-01-09 01:01:57.669977,2025-01-09 06:01:57.669977
23,303,FL-0303,9,19,7,2025-01-06 00:47:34.557428,2025-01-06 09:47:34.557428
24,304,FL-0304,5,25,17,2025-01-11 07:25:01.362529,2025-01-11 18:25:01.362529
8,305,FL-0305,9,21,3,2025-01-11 14:51:40.087483,2025-01-11 23:51:40.087483
12,306,FL-0306,7,18,25,2025-01-03 02:34:04.735781,2025-01-03 05:34:04.735781
26,307,FL-0307,10,18,17,2025-01-08 15:47:53.333906,2025-01-08 22:47:53.333906
9,308,FL-0308,8,21,12,2025-01-09 16:51:20.652469,2025-01-09 17:51:20.652469
8,309,FL-0309,6,11,3,2025-01-07 15:13:29.318125,2025-01-07 21:13:29.318125
15,310,FL-0310,6,5,1,2025-01-09 18:50:23.336145,2025-01-10 04:50:23.336145
5,311,FL-0311,8,10,8,2025-01-12 04:21:14.328506,2025-01-12 05:21:14.328506
16,312,FL-0312,4,16,20,2025-01-09 11:41:04.899119,2025-01-09 12:41:04.899119
13,313,FL-0313,7,6,5,2025-01-04 06:16:59.388070,2025-01-04 07:16:59.388070
30,314,FL-0314,4,7,12,2025-01-11 22:52:22.114219,2025-01-12 09:52:22.114219
2,315,FL-0315,7,21,4,2025-01-04 02:06:07.351120,2025-01-04 04:06:07.351120
24,316,FL-0316,7,8,16,2025-01-11 13:38:14.017849,2025-01-11 17:38:14.017849
1,317,FL-0317,3,9,19,2025-01-11 05:56:07.062197,2025-01-11 09:56:07.062197
25,318,FL-0318,1,17,1,2025-01-12 08:34:23.170619,2025-01-12 13:34:23.170619
16,319,FL-0319,9,14,7,2025-01-06 01:51:35.852428,2025-01-06 03:51:35.852428
12,320,FL-0320,7,22,14,2025-01-12 00:18:00.081825,2025-01-12 11:18:00.081825
29,321,FL-0321,8,19,18,2025-01-06 05:36:13.333799,2025-01-06 14:36:13.333799
21,322,FL-0322,9,13,22,2025-01-05 06:09:19.831375,2025-01-05 18:09:19.831375
20,323,FL-0323,10,14,1,2025-01-12 03:57:51.130107,2025-01-12 12:57:51.130107
25,324,FL-0324,8,17,14,2025-01-11 10:08:54.338649,2025-01-11 20:08:54.338649
30,325,FL-0325,8,21,2,2025-01-11 21:16:06.366106,2025-01-12 01:16:06.366106
2,326,FL-0326,5,4,13,2025-01-12 00:56:38.657476,2025-01-12 10:56:38.657476
28,327,FL-0327,4,24,1,2025-01-04 14:27:17.737284,2025-01-04 22:27:17.737284
27,328,FL-0328,7,14,19,2025-01-02 23:53:21.405657,2025-01-03 11:53:21.405657
19,329,FL-0329,1,21,6,2025-01-13 04:30:27.064431,2025-01-13 07:30:27.064431
13,330,FL-0330,3,9,18,2025-01-07 09:40:46.342268,2025-01-07 12:40:46.342268
15,331,FL-0331,5,3,9,2025-01-04 23:46:58.051605,2025-01-05 01:46:58.051605
27,332,FL-0332,2,15,7,2025-01-09 09:11:56.395373,2025-01-09 15:11:56.395373
6,333,FL-0333,8,15,5,2025-01-07 18:57:08.806985,2025-01-08 01:57:08.806985
5,334,FL-0334,10,18,13,2025-01-02 06:19:37.342212,2025-01-02 07:19:37.342212
18,335,FL-0335,9,24,1,2025-01-06 18:39:40.570343,2025-01-07 05:39:40.570343
14,336,FL-0336,7,14,17,2025-01-02 10:26:16.766646,2025-01-02 17:26:16.766646
23,337,FL-0337,10,13,15,2025-01-08 05:51:41.823647,2025-01-08 16:51:41.823647
19,338,FL-0338,9,2,15,2025-01-01 15:11:54.056542,2025-01-01 19:11:54.056542
24,339,FL-0339,7,17,9,2025-01-11 02:38:58.518608,2025-01-11 07:38:58.518608
19,340,FL-0340,9,21,22,2025-01-09 16:59:39.088599,2025-01-10 00:59:39.088599
4,341,FL-0341,5,25,9,2025-01-09 13:39:30.374242,2025-01-09 20:39:30.374242
19,342,FL-0342,7,3,8,2025-01-02 14:13:28.512005,2025-01-03 00:13:28.512005
25,343,FL-0343,1,3,19,2025-01-11 09:12:10.943423,2025-01-11 11:12:10.943423
17,344,FL-0344,6,11,5,2025-01-03 03:02:10.319969,2025-01-03 04:02:10.319969
1,345,FL-0345,5,25,10,2025-01-01 10:51:05.697978,2025-01-01 16:51:05.697978
14,346,FL-0346,4,2,25,2025-01-03 21:32:04.320012,2025-01-04 01:32:04.320012
8,347,FL-0347,8,21,15,2025-01-01 23:42:16.983394,2025-01-02 11:42:16.983394
30,348,FL-0348,8,8,9,2025-01-05 00:36:24.088840,2025-01-05 06:36:24.088840
24,349,FL-0349,4,6,15,2025-01-06 07:06:33.424733,2025-01-06 11:06:33.424733
8,350,FL-0350,5,23,5,2025-01-12 19:20:02.170215,2025-01-13 05:20:02.170215
25,351,FL-0351,2,11,9,2025-01-04 17:11:38.798770,2025-01-05 01:11:38.798770
15,352,FL-0352,2,8,7,2025-01-03 19:06:49.488129,2025-01-04 01:06:49.488129
5,353,FL-0353,10,11,12,2025-01-08 14:53:04.596538,2025-01-08 18:53:04.596538
27,354,FL-0354,1,17,15,2025-01-05 18:23:46.328503,2025-01-06 03:23:46.328503
24,355,FL-0355,4,2,11,2025-01-09 07:20:12.349878,2025-01-09 09:20:12.349878
21,356,FL-0356,9,1,16,2025-01-07 21:19:27.476403,2025-01-08 03:19:27.476403
6,357,FL-0357,5,15,22,2025-01-10 15:31:50.840790,2025-01-10 23:31:50.840790
2,358,FL-0358,2,20,22,2025-01-07 03:53:13.039207,2025-01-07 10:53:13.039207
29,359,FL-0359,2,22,24,2025-01-13 04:58:26.499437,2025-01-13 06:58:26.499437
21,360,FL-0360,10,17,13,2025-01-01 05:55:00.846538,2025-01-01 11:55:00.846538
30,361,FL-0361,4,11,21,2025-01-12 18:39:11.922539,2025-01-13 05:39:11.922539
14,362,FL-0362,5,18,21,2025-01-08 01:35:57.843889,2025-01-08 03:35:57.843889
25,363,FL-0363,2,11,14,2025-01-09 18:00:12.350944,2025-01-10 06:00:12.350944
29,364,FL-0364,5,20,1,2025-01-12 09:43:46.780036,2025-01-12 20:43:46.780036
3,365,FL-0365,8,20,8,2025-01-13 11:51:39.058269,2025-01-13 12:51:39.058269
10,366,FL-0366,4,19,20,2025-01-08 04:34:17.415766,2025-01-08 08:34:17.415766
25,367,FL-0367,6,15,19,2025-01-04 11:37:26.036664,2025-01-04 13:37:26.036664
7,368,FL-0368,5,15,7,2025-01-01 08:26:01.206103,2025-01-01 11:26:01.206103
9,369,FL-0369,9,8,24,2025-01-04 14:51:06.236436,2025-01-04 19:51:06.236436
6,370,FL-0370,9,22,21,2025-01-12 05:35:34.348449,2025-01-12 08:35:34.348449
16,371,FL-0371,3,7,5,2025-01-08 16:34:50.408586,2025-01-08 19:34:50.408586
27,372,FL-0372,2,24,25,2025-01-11 21:16:57.041538,2025-01-12 06:16:57.041538
2,373,FL-0373,10,22,21,2025-01-05 04:44:24.003554,2025-01-05 14:44:24.003554
12,374,FL-0374,1,23,18,2025-01-10 06:46:50.248279,2025-01-10 14:46:50.248279
25,375,FL-0375,3,21,1,2025-01-11 08:48:01.251926,2025-01-11 09:48:01.251926
9,376,FL-0376,3,16,7,2025-01-12 16:19:08.773882,2025-01-12 17:19:08.773882
28,377,FL-0377,3,20,2,2025-01-10 11:06:58.408953,2025-01-10 14:06:58.408953
6,378,FL-0378,3,16,24,2025-01-10 14:27:29.169379,2025-01-10 23:27:29.169379
27,379,FL-0379,3,16,9,2025-01-08 10:21:31.274750,2025-01-08 11:21:31.274750
20,380,FL-0380,8,9,3,2025-01-09 13:45:46.353528,2025-01-09 19:45:46.353528
4,381,FL-0381,2,16,10,2025-01-11 20:17:46.269784,2025-01-12 04:17:46.269784
16,382,FL-0382,7,10,19,2025-01-01 09:36:54.574190,2025-01-01 16:36:54.574190
19,383,FL-0383,8,4,12,2025-01-08 10:24:02.676689,2025-01-08 15:24:02.676689
18,384,FL-0384,6,4,1,2025-01-06 23:41:20.028618,2025-01-07 02:41:20.028618
12,385,FL-0385,10,8,2,2025-01-11 02:56:56.036848,2025-01-11 06:56:56.036848
6,386,FL-0386,1,9,16,2025-01-13 03:01:18.033580,2025-01-13 05:01:18.033580
9,387,FL-0387,7,3,6,2025-01-04 12:16:49.567129,2025-01-04 19:16:49.567129
11,388,FL-0388,9,24,12,2025-01-09 17:56:13.185844,2025-01-09 18:56:13.185844
26,389,FL-0389,3,21,17,2025-01-06 08:33:52.816220,2025-01-06 16:33:52.816220
21,390,FL-0390,5,16,7,2025-01-07 19:02:40.440280,2025-01-08 01:02:40.440280
8,391,FL-0391,9,8,21,2025-01-10 22:06:55.321692,2025-01-11 01:06:55.321692
18,392,FL-0392,3,24,14,2025-01-05 04:19:30.143641,2025-01-05 06:19:30.143641
5,393,FL-0393,6,14,13,2025-01-13 02:33:29.081174,2025-01-13 05:33:29.081174
5,394,FL-0394,5,18,4,2025-01-06 13:39:03.493056,2025-01-06 14:39:03.493056
6,395,FL-0395,8,10,17,2025-01-09 20:25:19.572575,2025-01-10 03:25:19.572575
5,396,FL-0396,3,7,14,2025-01-03 21:30:11.516975,2025-01-04 03:30:11.516975
23,397,FL-0397,9,7,1,2025-01-02 11:19:49.059167,2025-01-02 16:19:49.059167
28,398,FL-0398,7,19,5,2025-01-02 00:33:48.531387,2025-01-02 06:33:48.531387
24,399,FL-0399,3,16,5,2025-01-11 15:42:32.798677,2025-01-12 00:42:32.798677
25,400,FL-0400,3,2,6,2025-01-04 15:46:35.322278,2025-01-04 17:46:35.322278
5,401,FL-0401,5,7,15,2025-01-02 15:29:51.852289,2025-01-02 19:29:51.852289
14,402,FL-0402,4,2,16,2025-01-05 10:16:57.059554,2025-01-05 18:16:57.059554
2,403,FL-0403,1,2,10,2025-01-07 21:03:45.892509,2025-01-08 02:03:45.892509
28,404,FL-0404,4,18,3,2025-01-05 14:03:58.463509,2025-01-05 23:03:58.463509
10,405,FL-0405,8,23,9,2025-01-05 17:59:35.708632,2025-01-05 20:59:35.708632
14,406,FL-0406,4,16,18,2025-01-07 16:40:06.595171,2025-01-07 23:40:06.595171
9,407,FL-0407,8,24,11,2025-01-07 02:40:43.294432,2025-01-07 04:40:43.294432
18,408,FL-0408,10,21,11,2025-01-06 09:30:05.872066,2025-01-06 21:30:05.872066
16,409,FL-0409,6,22,4,2025-01-09 18:47:13.387766,2025-01-10 05:47:13.387766
28,410,FL-0410,2,21,23,2025-01-06 22:29:38.692851,2025-01-07 02:29:38.692851
5,411,FL-0411,10,9,22,2025-01-05 09:25:26.530728,2025-01-05 12:25:26.530728
13,412,FL-0412,1,5,7,2025-01-11 19:57:17.069663,2025-01-12 05:57:17.069663
1,413,FL-0413,7,14,25,2025-01-01 17:52:54.658371,2025-01-02 01:52:54.658371
26,414,FL-0414,9,18,25,2025-01-10 23:06:11.003940,2025-01-11 02:06:11.003940
30,415,FL-0415,3,18,11,2025-01-03 00:37:33.105813,2025-01-03 04:37:33.105813
3,416,FL-0416,4,9,1,2025-01-12 11:02:17.715832,2025-01-12 17:02:17.715832
15,417,FL-0417,6,19,6,2025-01-13 04:11:34.618737,2025-01-13 16:11:34.618737
28,418,FL-0418,4,17,18,2025-01-12 11:44:26.133675,2025-01-12 23:44:26.133675
2,419,FL-0419,2,20,9,2025-01-06 11:47:21.122370,2025-01-06 16:47:21.122370
10,420,FL-0420,8,12,8,2025-01-04 04:14:53.764392,2025-01-04 14:14:53.764392
22,421,FL-0421,9,10,1,2025-01-12 12:19:34.246283,2025-01-12 21:19:34.246283
6,422,FL-0422,7,11,14,2025-01-11 01:02:40.130320,2025-01-11 12:02:40.130320
7,423,FL-0423,9,11,3,2025-01-06 19:15:36.655241,2025-01-07 01:15:36.655241
17,424,FL-0424,6,7,10,2025-01-02 21:22:36.693889,2025-01-03 08:22:36.693889
3,425,FL-0425,4,10,4,2025-01-05 04:36:45.172263,2025-01-05 15:36:45.172263
14,426,FL-0426,7,3,6,2025-01-07 08:15:35.511958,2025-01-07 20:15:35.511958
12,427,FL-0427,4,22,10,2025-01-03 23:56:28.867673,2025-01-04 05:56:28.867673
12,428,FL-0428,7,20,6,2025-01-02 19:35:13.378402,2025-01-03 02:35:13.378402
5,429,FL-0429,10,14,20,2025-01-04 11:38:46.576657,2025-01-04 14:38:46.576657
1,430,FL-0430,7,23,1,2025-01-02 15:28:36.895185,2025-01-03 01:28:36.895185
25,431,FL-0431,5,1,9,2025-01-07 12:44:55.039492,2025-01-08 00:44:55.039492
1,432,FL-0432,9,12,7,2025-01-07 13:18:38.203583,2025-01-07 19:18:38.203583
26,433,FL-0433,1,10,8,2025-01-06 12:43:12.033971,2025-01-06 19:43:12.033971
4,434,FL-0434,3,23,3,2025-01-03 09:46:04.447937,2025-01-03 12:46:04.447937
16,435,FL-0435,1,14,20,2025-01-08 02:36:23.781667,2025-01-08 05:36:23.781667
15,436,FL-0436,9,19,23,2025-01-02 10:41:26.008700,2025-01-02 13:41:26.008700
18,437,FL-0437,1,23,4,2025-01-04 13:21:30.280476,2025-01-04 16:21:30.280476
5,438,FL-0438,6,19,25,2025-01-02 19:09:11.857796,2025-01-02 21:09:11.857796
29,439,FL-0439,8,6,25,2025-01-09 16:11:27.802006,2025-01-09 20:11:27.802006
9,440,FL-0440,5,18,5,2025-01-04 07:12:59.549675,2025-01-04 11:12:59.549675
29,441,FL-0441,9,18,7,2025-01-04 08:52:50.606078,2025-01-04 20:52:50.606078
19,442,FL-0442,3,12,8,2025-01-04 06:47:23.377475,2025-01-04 18:47:23.377475
5,443,FL-0443,7,12,3,2025-01-08 05:02:06.982089,2025-01-08 11:02:06.982089
26,444,FL-0444,9,6,24,2025-01-01 09:23:57.399070,2025-01-01 20:23:57.399070
11,445,FL-0445,8,18,15,2025-01-11 18:43:38.561873,2025-01-11 20:43:38.561873
5,446,FL-0446,1,16,20,2025-01-04 15:08:25.773372,2025-01-05 02:08:25.773372
25,447,FL-0447,8,8,5,2025-01-06 20:25:00.788790,2025-01-07 04:25:00.788790
23,448,FL-0448,2,20,19,2025-01-09 21:01:38.280381,2025-01-10 05:01:38.280381
4,449,FL-0449,6,3,6,2025-01-03 02:34:10.639588,2025-01-03 05:34:10.639588
9,450,FL-0450,4,11,13,2025-01-07 12:49:17.698458,2025-01-07 17:49:17.698458
25,451,FL-0451,6,16,18,2025-01-01 17:16:50.852650,2025-01-01 23:16:50.852650
4,452,FL-0452,1,4,23,2025-01-04 13:38:36.998947,2025-01-05 01:38:36.998947
15,453,FL-0453,6,25,9,2025-01-02 14:02:46.891666,2025-01-02 20:02:46.891666
10,454,FL-0454,8,24,2,2025-01-03 11:49:29.479584,2025-01-03 22:49:29.479584
5,455,FL-0455,3,21,24,2025-01-04 17:58:26.871753,2025-01-04 23:58:26.871753
11,456,FL-0456,10,9,24,2025-01-08 13:07:20.674402,2025-01-08 19:07:20.674402
11,457,FL-0457,2,11,6,2025-01-07 23:06:56.370950,2025-01-08 11:06:56.370950
16,458,FL-0458,6,18,22,2025-01-03 21:33:59.194912,2025-01-03 23:33:59.194912
15,459,FL-0459,5,9,15,2025-01-11 11:43:13.453291,2025-01-11 17:43:13.453291
14,460,FL-0460,10,24,21,2025-01-10 18:43:02.822872,2025-01-10 23:43:02.822872
14,461,FL-0461,4,11,14,2025-01-06 05:37:40.041543,2025-01-06 10:37:40.041543
6,462,FL-0462,1,9,15,2025-01-06 04:52:11.092348,2025-01-06 16:52:11.092348
20,463,FL-0463,5,22,14,2025-01-11 11:23:50.789739,2025-01-11 19:23:50.789739
8,464,FL-0464,9,17,5,2025-01-06 12:38:11.982559,2025-01-06 19:38:11.982559
25,465,FL-0465,1,2,20,2025-01-04 10:43:22.484788,2025-01-04 14:43:22.484788
20,466,FL-0466,9,8,15,2025-01-07 07:46:34.946467,2025-01-07 11:46:34.946467
29,467,FL-0467,10,9,25,2025-01-02 21:59:18.812769,2025-01-03 09:59:18.812769
11,468,FL-0468,4,20,21,2025-01-02 22:41:07.862738,2025-01-03 07:41:07.862738
6,469,FL-0469,3,15,2,2025-01-12 09:07:14.104434,2025-01-12 17:07:14.104434
21,470,FL-0470,6,18,4,2025-01-05 19:18:13.768719,2025-01-06 05:18:13.768719
19,471,FL-0471,2,12,1,2025-01-12 06:14:17.765442,2025-01-12 08:14:17.765442
4,472,FL-0472,4,14,2,2025-01-06 23:24:08.607690,2025-01-07 10:24:08.607690
16,473,FL-0473,4,8,10,2025-01-08 20:31:47.919679,2025-01-09 01:31:47.919679
27,474,FL-0474,3,17,20,2025-01-09 04:22:02.084094,2025-01-09 10:22:02.084094
27,475,FL-0475,6,7,1,2025-01-02 01:49:04.328228,2025-01-02 03:49:04.328228
7,476,FL-0476,4,14,19,2025-01-08 16:52:43.217874,2025-01-08 17:52:43.217874
27,477,FL-0477,9,4,8,2025-01-09 12:15:03.138481,2025-01-09 20:15:03.138481
12,478,FL-0478,4,13,21,2025-01-06 14:51:37.897262,2025-01-06 23:51:37.897262
12,479,FL-0479,5,23,6,2025-01-11 08:40:37.855123,2025-01-11 14:40:37.855123
19,480,FL-0480,9,17,4,2025-01-01 10:48:52.173201,2025-01-01 20:48:52.173201
24,481,FL-0481,6,8,17,2025-01-02 17:46:08.860694,2025-01-03 01:46:08.860694
18,482,FL-0482,2,8,19,2025-01-04 10:37:43.963723,2025-01-04 16:37:43.963723
17,483,FL-0483,9,15,18,2025-01-12 17:55:08.738389,2025-01-12 20:55:08.738389
9,484,FL-0484,10,21,5,2025-01-05 15:35:38.847855,2025-01-05 20:35:38.847855
2,485,FL-0485,7,4,19,2025-01-01 02:45:28.545856,2025-01-01 03:45:28.545856
12,486,FL-0486,6,17,21,2025-01-09 09:11:02.103349,2025-01-09 18:11:02.103349
10,487,FL-0487,3,4,19,2025-01-07 11:39:39.102483,2025-01-07 23:39:39.102483
23,488,FL-0488,8,2,8,2025-01-03 08:05:12.540399,2025-01-03 17:05:12.540399
2,489,FL-0489,2,18,9,2025-01-09 22:39:44.317652,2025-01-10 05:39:44.317652
6,490,FL-0490,8,4,18,2025-01-06 01:10:36.777658,2025-01-06 03:10:36.777658
12,491,FL-0491,10,6,4,2025-01-08 09:43:47.796543,2025-01-08 17:43:47.796543
21,492,FL-0492,6,12,24,2025-01-06 18:59:41.914254,2025-01-07 06:59:41.914254
11,493,FL-0493,1,5,10,2025-01-01 06:29:21.975506,2025-01-01 09:29:21.975506
13,494,FL-0494,3,21,20,2025-01-04 06:00:37.376375,2025-01-04 07:00:37.376375
23,495,FL-0495,7,21,14,2025-01-08 02:30:51.776062,2025-01-08 08:30:51.776062
12,496,FL-0496,1,19,4,2025-01-01 11:08:35.998712,2025-01-01 14:08:35.998712
28,497,FL-0497,4,15,10,2025-01-06 05:44:49.361751,2025-01-06 11:44:49.361751
11,498,FL-0498,5,21,10,2025-01-02 07:54:11.392469,2025-01-02 16:54:11.392469
26,499,FL-0499,5,11,23,2025-01-04 14:54:37.808545,2025-01-04 19:54:37.808545
30,500,FL-0500,3,1,25,2025-01-08 07:03:57.340345,2025-01-08 15:03:57.340345
6,501,FL-0501,7,10,24,2025-01-08 18:07:35.309758,2025-01-08 21:07:35.309758
2,502,FL-0502,8,18,23,2025-01-10 08:58:05.062228,2025-01-10 19:58:05.062228
25,503,FL-0503,2,19,14,2025-01-04 06:19:31.466277,2025-01-04 15:19:31.466277
17,504,FL-0504,2,25,24,2025-01-13 10:18:43.363329,2025-01-13 20:18:43.363329
23,505,FL-0505,10,4,25,2025-01-06 04:27:54.999872,2025-01-06 16:27:54.999872
22,506,FL-0506,9,17,8,2025-01-06 19:40:03.536023,2025-01-07 03:40:03.536023
11,507,FL-0507,10,14,16,2025-01-11 19:14:06.190649,2025-01-11 22:14:06.190649
5,508,FL-0508,10,8,15,2025-01-07 06:38:53.522655,2025-01-07 10:38:53.522655
24,509,FL-0509,5,13,16,2025-01-03 05:42:29.785599,2025-01-03 16:42:29.785599
8,510,FL-0510,8,11,22,2025-01-02 12:03:02.699147,2025-01-02 20:03:02.699147
20,511,FL-0511,6,20,6,2025-01-08 07:54:39.969433,2025-01-08 15:54:39.969433
7,512,FL-0512,1,8,12,2025-01-07 05:05:22.904920,2025-01-07 07:05:22.904920
5,513,FL-0513,1,5,6,2025-01-10 10:10:12.262333,2025-01-10 11:10:12.262333
17,514,FL-0514,4,9,2,2025-01-01 07:44:46.720689,2025-01-01 16:44:46.720689
26,515,FL-0515,4,8,13,2025-01-05 10:12:57.777222,2025-01-05 14:12:57.777222
8,516,FL-0516,2,3,5,2025-01-05 10:55:06.784844,2025-01-05 17:55:06.784844
7,517,FL-0517,2,11,2,2025-01-05 04:15:34.825681,2025-01-05 05:15:34.825681
21,518,FL-0518,4,10,6,2025-01-04 11:20:28.813348,2025-01-04 23:20:28.813348
4,519,FL-0519,6,23,2,2025-01-09 19:33:47.339841,2025-01-10 05:33:47.339841
27,520,FL-0520,5,14,20,2025-01-04 05:48:27.841900,2025-01-04 17:48:27.841900
12,521,FL-0521,4,22,10,2025-01-06 16:57:59.293615,2025-01-06 17:57:59.293615
27,522,FL-0522,10,11,25,2025-01-10 19:18:44.130725,2025-01-10 20:18:44.130725
2,523,FL-0523,4,4,2,2025-01-05 22:48:46.070677,2025-01-06 07:48:46.070677
14,524,FL-0524,4,15,10,2025-01-02 01:37:28.864918,2025-01-02 04:37:28.864918
12,525,FL-0525,7,16,14,2025-01-02 10:36:08.538742,2025-01-02 14:36:08.538742
12,526,FL-0526,2,16,19,2025-01-10 14:20:14.722927,2025-01-10 22:20:14.722927
5,527,FL-0527,4,1,24,2025-01-02 16:16:13.654837,2025-01-02 19:16:13.654837
22,528,FL-0528,5,2,6,2025-01-10 20:08:20.457873,2025-01-11 04:08:20.457873
24,529,FL-0529,5,5,25,2025-01-09 09:56:15.109148,2025-01-09 17:56:15.109148
16,530,FL-0530,2,24,3,2025-01-13 06:50:24.263554,2025-01-13 16:50:24.263554
14,531,FL-0531,4,25,20,2025-01-09 07:55:36.369816,2025-01-09 12:55:36.369816
7,532,FL-0532,9,3,6,2025-01-08 18:20:57.639580,2025-01-09 01:20:57.639580
28,533,FL-0533,3,15,10,2025-01-13 11:40:16.567340,2025-01-13 21:40:16.567340
19,534,FL-0534,7,7,19,2025-01-09 03:52:39.225442,2025-01-09 13:52:39.225442
25,535,FL-0535,2,13,22,2025-01-12 01:03:04.472493,2025-01-12 10:03:04.472493
25,536,FL-0536,4,9,20,2025-01-07 22:34:58.603687,2025-01-08 00:34:58.603687
4,537,FL-0537,9,8,2,2025-01-04 04:45:38.723595,2025-01-04 12:45:38.723595
6,538,FL-0538,5,21,23,2025-01-11 02:09:08.073949,2025-01-11 10:09:08.073949
10,539,FL-0539,3,1,24,2025-01-07 23:42:17.913830,2025-01-08 11:42:17.913830
3,540,FL-0540,4,16,21,2025-01-10 08:02:15.763952,2025-01-10 09:02:15.763952
23,541,FL-0541,8,20,15,2025-01-08 03:54:07.715411,2025-01-08 07:54:07.715411
30,542,FL-0542,1,3,9,2025-01-06 21:51:20.502652,2025-01-07 05:51:20.502652
15,543,FL-0543,1,6,11,2025-01-06 08:23:15.036621,2025-01-06 14:23:15.036621
20,544,FL-0544,2,16,14,2025-01-03 19:35:55.546941,2025-01-03 23:35:55.546941
27,545,FL-0545,1,15,18,2025-01-04 11:35:08.403439,2025-01-04 23:35:08.403439
1,546,FL-0546,5,15,11,2025-01-02 17:48:03.396324,2025-01-03 02:48:03.396324
13,547,FL-0547,4,25,17,2025-01-06 20:44:36.769805,2025-01-07 00:44:36.769805
15,548,FL-0548,6,17,4,2025-01-02 11:28:39.761300,2025-01-02 17:28:39.761300
14,549,FL-0549,9,14,13,2025-01-01 22:50:48.745539,2025-01-02 02:50:48.745539
1,550,FL-0550,4,8,4,2025-01-02 12:59:17.136017,2025-01-02 19:59:17.136017
25,551,FL-0551,5,2,16,2025-01-06 06:18:19.127571,2025-01-06 09:18:19.127571
14,552,FL-0552,3,19,14,2025-01-12 13:07:55.770443,2025-01-13 01:07:55.770443
6,553,FL-0553,2,16,19,2025-01-03 01:01:07.934265,2025-01-03 07:01:07.934265
4,554,FL-0554,9,3,5,2025-01-12 10:07:47.151221,2025-01-12 20:07:47.151221
4,555,FL-0555,7,17,10,2025-01-05 10:54:42.752802,2025-01-05 14:54:42.752802
22,556,FL-0556,6,3,12,2025-01-13 09:52:15.219632,2025-01-13 12:52:15.219632
30,557,FL-0557,3,24,12,2025-01-03 14:13:48.082686,2025-01-03 23:13:48.082686
14,558,FL-0558,2,12,13,2025-01-10 10:47:19.503003,2025-01-10 11:47:19.503003
4,559,FL-0559,5,2,5,2025-01-01 02:49:44.337646,2025-01-01 10:49:44.337646
15,560,FL-0560,10,8,5,2025-01-08 13:25:03.874438,2025-01-08 20:25:03.874438
20,561,FL-0561,2,21,16,2025-01-11 20:44:22.967858,2025-01-12 02:44:22.967858
25,562,FL-0562,8,17,10,2025-01-02 19:38:17.952338,2025-01-02 21:38:17.952338
8,563,FL-0563,1,25,5,2025-01-03 11:48:21.953576,2025-01-03 12:48:21.953576
25,564,FL-0564,1,1,21,2025-01-13 08:03:31.673068,2025-01-13 12:03:31.673068
22,565,FL-0565,7,25,18,2025-01-02 20:13:41.323563,2025-01-03 06:13:41.323563
22,566,FL-0566,6,15,10,2025-01-12 15:10:54.055394,2025-01-12 18:10:54.055394
11,567,FL-0567,3,1,4,2025-01-04 21:21:19.236152,2025-01-05 01:21:19.236152
13,568,FL-0568,10,23,3,2025-01-08 10:26:36.530302,2025-01-08 11:26:36.530302
15,569,FL-0569,3,10,19,2025-01-01 16:21:03.702075,2025-01-01 23:21:03.702075
20,570,FL-0570,7,7,24,2025-01-09 06:35:42.271091,2025-01-09 09:35:42.271091
26,571,FL-0571,6,18,12,2025-01-02 14:19:06.401198,2025-01-03 01:19:06.401198
20,572,FL-0572,2,10,15,2025-01-07 10:11:59.257726,2025-01-07 14:11:59.257726
30,573,FL-0573,7,23,3,2025-01-11 14:53:04.172954,2025-01-11 17:53:04.172954
9,574,FL-0574,2,7,23,2025-01-07 09:00:30.819002,2025-01-07 13:00:30.819002
21,575,FL-0575,6,3,9,2025-01-09 03:37:34.464654,2025-01-09 07:37:34.464654
5,576,FL-0576,3,10,14,2025-01-09 09:32:37.380972,2025-01-09 16:32:37.380972
13,577,FL-0577,8,20,10,2025-01-10 22:18:18.566436,2025-01-11 10:18:18.566436
23,578,FL-0578,10,8,21,2025-01-11 09:30:31.958217,2025-01-11 14:30:31.958217
22,579,FL-0579,10,25,12,2025-01-12 06:39:15.412641,2025-01-12 13:39:15.412641
16,580,FL-0580,4,20,19,2025-01-01 20:35:44.477059,2025-01-02 08:35:44.477059
1,581,FL-0581,9,9,5,2025-01-03 21:19:10.688293,2025-01-04 01:19:10.688293
5,582,FL-0582,1,11,17,2025-01-11 18:19:54.807097,2025-01-11 20:19:54.807097
27,583,FL-0583,5,4,12,2025-01-02 10:05:51.326652,2025-01-02 12:05:51.326652
7,584,FL-0584,7,17,18,2025-01-09 02:48:34.937948,2025-01-09 08:48:34.937948
16,585,FL-0585,4,15,21,2025-01-13 08:06:45.842191,2025-01-13 10:06:45.842191
29,586,FL-0586,1,8,2,2025-01-05 06:35:04.111362,2025-01-05 12:35:04.111362
1,587,FL-0587,5,22,9,2025-01-08 05:28:29.706213,2025-01-08 09:28:29.706213
20,588,FL-0588,5,15,9,2025-01-06 17:58:05.352182,2025-01-06 20:58:05.352182
2,589,FL-0589,1,15,17,2025-01-04 09:29:01.420382,2025-01-04 16:29:01.420382
18,590,FL-0590,6,3,2,2025-01-08 11:53:46.258995,2025-01-08 13:53:46.258995
20,591,FL-0591,2,6,12,2025-01-05 16:29:38.772564,2025-01-05 17:29:38.772564
25,592,FL-0592,10,22,18,2025-01-07 11:06:13.580804,2025-01-07 20:06:13.580804
15,593,FL-0593,1,21,13,2025-01-09 00:52:35.421503,2025-01-09 10:52:35.421503
2,594,FL-0594,1,22,18,2025-01-05 08:11:56.188981,2025-01-05 20:11:56.188981
15,595,FL-0595,2,23,4,2025-01-01 01:37:28.167864,2025-01-01 11:37:28.167864
10,596,FL-0596,1,2,5,2025-01-03 05:05:48.116376,2025-01-03 14:05:48.116376
14,597,FL-0597,1,11,16,2025-01-08 08:29:48.785459,2025-01-08 11:29:48.785459
24,598,FL-0598,10,21,9,2025-01-07 20:06:46.575320,2025-01-08 03:06:46.575320
19,599,FL-0599,3,6,17,2025-01-09 21:37:51.002650,2025-01-10 00:37:51.002650
9,600,FL-0600,9,13,17,2025-01-04 14:13:45.174920,2025-01-04 18:13:45.174920
9,601,FL-0601,5,13,25,2025-01-03 13:38:15.310033,2025-01-03 21:38:15.310033
4,602,FL-0602,5,6,23,2025-01-08 13:21:02.331153,2025-01-08 23:21:02.331153
29,603,FL-0603,1,9,23,2025-01-12 08:34:33.020600,2025-01-12 12:34:33.020600
7,604,FL-0604,1,1,25,2025-01-01 04:56:07.898547,2025-01-01 10:56:07.898547
19,605,FL-0605,4,1,21,2025-01-11 12:10:41.473293,2025-01-11 20:10:41.473293
5,606,FL-0606,4,16,7,2025-01-12 10:04:08.553098,2025-01-12 22:04:08.553098
20,607,FL-0607,7,22,25,2025-01-10 14:43:39.880265,2025-01-10 17:43:39.880265
5,608,FL-0608,7,19,23,2025-01-13 02:54:20.830565,2025-01-13 04:54:20.830565
13,609,FL-0609,3,25,8,2025-01-03 07:12:27.128348,2025-01-03 09:12:27.128348
13,610,FL-0610,8,6,20,2025-01-13 00:31:57.835141,2025-01-13 08:31:57.835141
2,611,FL-0611,10,20,9,2025-01-02 05:35:35.198939,2025-01-02 08:35:35.198939
16,612,FL-0612,7,16,12,2025-01-08 19:57:23.461360,2025-01-08 21:57:23.461360
26,613,FL-0613,6,2,7,2025-01-02 17:30:35.764277,2025-01-02 21:30:35.764277
22,614,FL-0614,2,2,25,2025-01-07 12:56:53.750811,2025-01-07 21:56:53.750811
8,615,FL-0615,10,20,10,2025-01-05 16:58:12.094666,2025-01-05 17:58:12.094666
12,616,FL-0616,6,22,5,2025-01-01 08:08:38.201834,2025-01-01 14:08:38.201834
22,617,FL-0617,5,23,13,2025-01-13 10:36:45.565738,2025-01-13 12:36:45.565738
19,618,FL-0618,10,9,17,2025-01-06 19:18:29.530514,2025-01-07 06:18:29.530514
11,619,FL-0619,8,4,21,2025-01-02 17:12:14.189095,2025-01-02 18:12:14.189095
7,620,FL-0620,2,18,21,2025-01-07 17:40:40.188862,2025-01-07 20:40:40.188862
5,621,FL-0621,7,14,2,2025-01-05 19:14:02.687082,2025-01-06 07:14:02.687082
19,622,FL-0622,3,12,23,2025-01-11 06:04:24.775789,2025-01-11 08:04:24.775789
26,623,FL-0623,3,5,19,2025-01-04 02:13:36.243962,2025-01-04 08:13:36.243962
8,624,FL-0624,2,18,20,2025-01-13 00:35:25.708671,2025-01-13 04:35:25.708671
7,625,FL-0625,10,4,6,2025-01-12 22:54:25.418639,2025-01-13 09:54:25.418639
8,626,FL-0626,6,1,21,2025-01-03 15:10:50.657095,2025-01-03 17:10:50.657095
20,627,FL-0627,7,7,1,2025-01-03 06:18:12.233904,2025-01-03 10:18:12.233904
26,628,FL-0628,5,18,6,2025-01-01 21:44:28.887626,2025-01-01 23:44:28.887626
1,629,FL-0629,4,7,6,2025-01-11 09:05:24.351159,2025-01-11 15:05:24.351159
2,630,FL-0630,8,19,24,2025-01-02 09:17:35.385702,2025-01-02 17:17:35.385702
22,631,FL-0631,3,6,21,2025-01-01 01:56:48.811587,2025-01-01 05:56:48.811587
23,632,FL-0632,6,4,20,2025-01-04 08:55:35.106130,2025-01-04 09:55:35.106130
15,633,FL-0633,8,13,4,2025-01-04 22:00:49.587793,2025-01-05 04:00:49.587793
28,634,FL-0634,5,24,15,2025-01-03 19:50:54.839389,2025-01-03 22:50:54.839389
17,635,FL-0635,7,12,9,2025-01-06 04:03:23.075507,2025-01-06 13:03:23.075507
30,636,FL-0636,2,21,18,2025-01-12 07:07:48.592746,2025-01-12 09:07:48.592746
2,637,FL-0637,5,16,15,2025-01-09 08:59:37.304874,2025-01-09 10:59:37.304874
22,638,FL-0638,4,3,15,2025-01-10 08:35:14.730514,2025-01-10 16:35:14.730514
30,639,FL-0639,2,15,20,2025-01-12 14:55:11.885370,2025-01-12 19:55:11.885370
24,640,FL-0640,4,12,23,2025-01-02 04:52:10.421808,2025-01-02 15:52:10.421808
28,641,FL-0641,7,23,7,2025-01-12 07:57:14.190793,2025-01-12 16:57:14.190793
21,642,FL-0642,8,9,12,2025-01-13 05:07:07.145895,2025-01-13 09:07:07.145895
16,643,FL-0643,2,16,3,2025-01-11 23:18:11.050034,2025-01-12 07:18:11.050034
20,644,FL-0644,2,5,6,2025-01-09 17:46:25.738940,2025-01-10 00:46:25.738940
15,645,FL-0645,6,9,5,2025-01-11 22:41:17.825715,2025-01-11 23:41:17.825715
16,646,FL-0646,6,23,11,2025-01-04 16:57:37.422246,2025-01-04 18:57:37.422246
15,647,FL-0647,2,3,21,2025-01-06 07:02:28.039402,2025-01-06 08:02:28.039402
4,648,FL-0648,6,24,14,2025-01-12 12:59:35.988533,2025-01-12 13:59:35.988533
6,649,FL-0649,9,10,16,2025-01-11 02:21:36.474627,2025-01-11 14:21:36.474627
29,650,FL-0650,5,17,10,2025-01-09 17:42:01.039430,2025-01-10 01:42:01.039430
5,651,FL-0651,7,17,6,2025-01-10 16:36:43.732142,2025-01-10 22:36:43.732142
22,652,FL-0652,1,4,16,2025-01-06 02:28:06.727364,2025-01-06 11:28:06.727364
30,653,FL-0653,9,2,6,2025-01-03 09:35:59.120238,2025-01-03 13:35:59.120238
14,654,FL-0654,5,14,7,2025-01-13 09:24:28.307652,2025-01-13 15:24:28.307652
5,655,FL-0655,6,16,23,2025-01-08 14:28:57.115798,2025-01-08 15:28:57.115798
21,656,FL-0656,7,15,9,2025-01-10 11:47:34.944359,2025-01-10 23:47:34.944359
23,657,FL-0657,1,1,13,2025-01-07 10:16:13.101016,2025-01-07 19:16:13.101016
12,658,FL-0658,4,24,19,2025-01-02 01:45:19.510622,2025-01-02 07:45:19.510622
10,659,FL-0659,1,20,13,2025-01-02 00:21:49.356007,2025-01-02 12:21:49.356007
18,660,FL-0660,4,19,17,2025-01-09 16:31:37.055206,2025-01-10 03:31:37.055206
20,661,FL-0661,5,11,5,2025-01-04 19:42:36.089825,2025-01-04 21:42:36.089825
16,662,FL-0662,9,19,15,2025-01-12 10:46:51.976866,2025-01-12 14:46:51.976866
29,663,FL-0663,2,11,4,2025-01-06 10:25:18.187390,2025-01-06 22:25:18.187390
19,664,FL-0664,2,2,22,2025-01-05 04:13:31.519748,2025-01-05 07:13:31.519748
25,665,FL-0665,4,4,18,2025-01-01 22:15:54.309907,2025-01-02 00:15:54.309907
9,666,FL-0666,1,20,2,2025-01-09 07:04:22.758802,2025-01-09 08:04:22.758802
16,667,FL-0667,8,9,23,2025-01-08 14:36:40.419961,2025-01-09 02:36:40.419961
24,668,FL-0668,7,15,13,2025-01-13 04:33:37.041381,2025-01-13 16:33:37.041381
20,669,FL-0669,8,21,13,2025-01-10 02:26:34.438802,2025-01-10 13:26:34.438802
7,670,FL-0670,10,2,19,2025-01-06 21:47:23.378077,2025-01-07 09:47:23.378077
25,671,FL-0671,3,14,1,2025-01-04 08:11:50.720522,2025-01-04 20:11:50.720522
10,672,FL-0672,6,23,18,2025-01-04 17:47:15.422139,2025-01-04 19:47:15.422139
3,673,FL-0673,1,2,20,2025-01-13 08:32:15.923677,2025-01-13 13:32:15.923677
28,674,FL-0674,4,16,1,2025-01-01 06:29:17.683670,2025-01-01 16:29:17.683670
4,675,FL-0675,8,16,15,2025-01-05 06:42:36.860419,2025-01-05 18:42:36.860419
20,676,FL-0676,10,24,13,2025-01-05 07:39:12.983116,2025-01-05 16:39:12.983116
11,677,FL-0677,2,20,3,2025-01-05 06:38:07.580603,2025-01-05 14:38:07.580603
7,678,FL-0678,10,15,17,2025-01-06 08:46:35.792337,2025-01-06 10:46:35.792337
17,679,FL-0679,3,9,4,2025-01-02 18:15:50.556743,2025-01-03 04:15:50.556743
12,680,FL-0680,1,22,12,2025-01-05 02:04:39.853981,2025-01-05 06:04:39.853981
20,681,FL-0681,10,12,2,2025-01-09 04:46:19.575681,2025-01-09 06:46:19.575681
11,682,FL-0682,5,22,15,2025-01-07 21:41:46.493121,2025-01-08 03:41:46.493121
28,683,FL-0683,3,22,5,2025-01-09 13:08:11.899447,2025-01-09 23:08:11.899447
9,684,FL-0684,1,21,11,2025-01-04 14:49:50.923466,2025-01-05 02:49:50.923466
9,685,FL-0685,9,11,10,2025-01-05 17:17:09.759240,2025-01-06 02:17:09.759240
12,686,FL-0686,10,19,1,2025-01-09 04:45:41.418170,2025-01-09 15:45:41.418170
13,687,FL-0687,9,16,9,2025-01-05 16:49:09.901433,2025-01-05 18:49:09.901433
24,688,FL-0688,7,16,3,2025-01-12 04:28:44.635754,2025-01-12 10:28:44.635754
3,689,FL-0689,2,7,14,2025-01-01 10:38:56.147235,2025-01-01 14:38:56.147235
26,690,FL-0690,8,10,4,2025-01-10 07:13:59.497614,2025-01-10 11:13:59.497614
22,691,FL-0691,3,17,1,2025-01-06 06:33:10.906450,2025-01-06 18:33:10.906450
26,692,FL-0692,3,7,4,2025-01-01 06:59:38.348999,2025-01-01 13:59:38.348999
2,693,FL-0693,2,8,24,2025-01-05 07:51:48.369637,2025-01-05 12:51:48.369637
13,694,FL-0694,3,5,22,2025-01-03 08:31:22.070337,2025-01-03 11:31:22.070337
6,695,FL-0695,6,14,15,2025-01-07 11:41:54.534384,2025-01-07 16:41:54.534384
16,696,FL-0696,5,15,6,2025-01-08 15:18:47.091980,2025-01-09 03:18:47.091980
29,697,FL-0697,8,6,15,2025-01-03 08:37:40.409797,2025-01-03 18:37:40.409797
28,698,FL-0698,2,25,11,2025-01-10 17:05:18.693118,2025-01-10 23:05:18.693118
26,699,FL-0699,10,23,15,2025-01-13 02:38:14.448910,2025-01-13 06:38:14.448910
2,700,FL-0700,5,2,9,2025-01-01 21:00:21.626444,2025-01-02 04:00:21.626444
1,701,FL-0701,8,5,17,2025-01-02 06:38:12.345786,2025-01-02 15:38:12.345786
26,702,FL-0702,5,9,23,2025-01-07 09:04:19.274296,2025-01-07 20:04:19.274296
20,703,FL-0703,5,16,8,2025-01-03 06:05:28.337738,2025-01-03 12:05:28.337738
9,704,FL-0704,3,21,15,2025-01-05 18:08:18.990847,2025-01-05 22:08:18.990847
18,705,FL-0705,1,3,2,2025-01-07 13:10:41.065772,2025-01-07 14:10:41.065772
18,706,FL-0706,5,18,4,2025-01-04 01:06:50.326124,2025-01-04 10:06:50.326124
15,707,FL-0707,9,17,5,2025-01-07 15:55:58.226148,2025-01-07 16:55:58.226148
14,708,FL-0708,7,9,20,2025-01-12 21:21:33.504873,2025-01-12 22:21:33.504873
15,709,FL-0709,8,9,25,2025-01-06 06:00:34.917019,2025-01-06 09:00:34.917019
1,710,FL-0710,5,1,23,2025-01-02 03:34:19.256931,2025-01-02 06:34:19.256931
1,711,FL-0711,6,21,18,2025-01-12 07:17:55.073101,2025-01-12 12:17:55.073101
20,712,FL-0712,7,14,3,2025-01-02 13:53:38.358509,2025-01-02 22:53:38.358509
8,713,FL-0713,5,4,3,2025-01-01 07:54:58.183831,2025-01-01 19:54:58.183831
7,714,FL-0714,5,10,15,2025-01-13 05:56:24.973544,2025-01-13 16:56:24.973544
2,715,FL-0715,3,1,15,2025-01-07 16:54:57.956268,2025-01-08 02:54:57.956268
1,716,FL-0716,4,16,23,2025-01-07 02:22:34.105739,2025-01-07 08:22:34.105739
26,717,FL-0717,9,19,20,2025-01-10 21:47:18.775428,2025-01-11 08:47:18.775428
9,718,FL-0718,6,15,6,2025-01-07 15:26:38.994154,2025-01-07 18:26:38.994154
1,719,FL-0719,5,14,23,2025-01-08 03:37:42.628647,2025-01-08 06:37:42.628647
21,720,FL-0720,4,21,8,2025-01-01 15:34:01.589371,2025-01-01 21:34:01.589371
14,721,FL-0721,2,1,4,2025-01-10 10:35:36.798492,2025-01-10 22:35:36.798492
20,722,FL-0722,10,23,21,2025-01-02 01:49:04.670156,2025-01-02 13:49:04.670156
27,723,FL-0723,6,19,4,2025-01-12 05:30:16.962795,2025-01-12 13:30:16.962795
15,724,FL-0724,9,9,21,2025-01-08 18:44:52.429416,2025-01-09 05:44:52.429416
29,725,FL-0725,4,19,17,2025-01-13 01:36:17.576677,2025-01-13 02:36:17.576677
7,726,FL-0726,7,13,15,2025-01-06 22:51:51.391988,2025-01-07 08:51:51.391988
14,727,FL-0727,5,13,4,2025-01-10 23:17:23.055071,2025-01-11 07:17:23.055071
9,728,FL-0728,9,7,6,2025-01-04 08:15:58.887659,2025-01-04 14:15:58.887659
14,729,FL-0729,9,14,22,2025-01-05 13:48:52.618112,2025-01-05 18:48:52.618112
3,730,FL-0730,9,3,19,2025-01-01 04:43:15.812995,2025-01-01 07:43:15.812995
25,731,FL-0731,3,15,23,2025-01-12 17:27:21.312485,2025-01-12 18:27:21.312485
8,732,FL-0732,4,18,3,2025-01-11 07:48:24.852786,2025-01-11 14:48:24.852786
5,733,FL-0733,8,4,12,2025-01-09 05:53:19.924627,2025-01-09 10:53:19.924627
2,734,FL-0734,7,2,1,2025-01-09 21:38:53.385865,2025-01-10 03:38:53.385865
12,735,FL-0735,7,18,19,2025-01-08 23:28:21.028840,2025-01-09 10:28:21.028840
1,736,FL-0736,5,16,17,2025-01-09 23:37:24.848451,2025-01-10 03:37:24.848451
11,737,FL-0737,5,9,14,2025-01-04 00:53:13.338458,2025-01-04 11:53:13.338458
7,738,FL-0738,7,23,11,2025-01-03 20:50:17.306683,2025-01-04 02:50:17.306683
22,739,FL-0739,4,18,22,2025-01-12 04:12:25.414572,2025-01-12 14:12:25.414572
10,740,FL-0740,2,3,25,2025-01-08 17:46:01.067929,2025-01-08 20:46:01.067929
4,741,FL-0741,7,22,23,2025-01-06 19:19:03.883092,2025-01-07 01:19:03.883092
17,742,FL-0742,10,20,13,2025-01-04 02:03:37.959590,2025-01-04 07:03:37.959590
2,743,FL-0743,6,14,8,2025-01-04 18:15:20.276161,2025-01-04 23:15:20.276161
5,744,FL-0744,2,17,23,2025-01-03 12:13:33.956475,2025-01-03 16:13:33.956475
27,745,FL-0745,7,11,14,2025-01-13 05:46:45.216931,2025-01-13 09:46:45.216931
19,746,FL-0746,9,19,8,2025-01-12 03:12:32.818713,2025-01-12 13:12:32.818713
13,747,FL-0747,6,17,2,2025-01-05 03:39:06.959077,2025-01-05 06:39:06.959077
28,748,FL-0748,10,19,9,2025-01-12 05:06:55.192526,2025-01-12 15:06:55.192526
4,749,FL-0749,9,6,25,2025-01-01 14:27:06.169039,2025-01-02 00:27:06.169039
6,750,FL-0750,8,19,18,2025-01-08 02:37:13.497951,2025-01-08 06:37:13.497951
24,751,FL-0751,2,4,5,2025-01-08 04:24:45.143927,2025-01-08 10:24:45.143927
24,752,FL-0752,8,6,18,2025-01-07 11:35:38.654591,2025-01-07 17:35:38.654591
10,753,FL-0753,5,21,23,2025-01-10 10:52:59.851536,2025-01-10 11:52:59.851536
22,754,FL-0754,8,9,3,2025-01-07 02:20:40.139677,2025-01-07 05:20:40.139677
30,755,FL-0755,9,18,9,2025-01-08 15:33:45.446441,2025-01-09 01:33:45.446441
8,756,FL-0756,1,5,9,2025-01-12 17:48:17.039705,2025-01-12 22:48:17.039705
16,757,FL-0757,5,6,2,2025-01-01 07:43:23.810548,2025-01-01 09:43:23.810548
3,758,FL-0758,1,18,13,2025-01-08 11:05:56.708689,2025-01-08 20:05:56.708689
17,759,FL-0759,6,22,7,2025-01-04 13:18:53.010497,2025-01-05 00:18:53.010497
10,760,FL-0760,8,15,10,2025-01-02 09:22:40.694223,2025-01-02 18:22:40.694223
8,761,FL-0761,2,4,10,2025-01-06 08:13:16.912668,2025-01-06 17:13:16.912668
26,762,FL-0762,10,20,3,2025-01-02 12:27:03.690907,2025-01-02 18:27:03.690907
11,763,FL-0763,3,8,25,2025-01-09 17:25:28.815563,2025-01-09 21:25:28.815563
23,764,FL-0764,4,18,2,2025-01-02 04:23:37.374208,2025-01-02 14:23:37.374208
29,765,FL-0765,5,3,21,2025-01-01 19:56:39.106874,2025-01-02 00:56:39.106874
24,766,FL-0766,8,10,15,2025-01-12 06:51:37.378221,2025-01-12 07:51:37.378221
8,767,FL-0767,1,10,11,2025-01-07 09:12:12.407997,2025-01-07 17:12:12.407997
20,768,FL-0768,3,10,9,2025-01-04 11:17:19.079582,2025-01-04 16:17:19.079582
23,769,FL-0769,3,12,6,2025-01-03 08:10:01.295696,2025-01-03 17:10:01.295696
8,770,FL-0770,9,16,3,2025-01-11 10:12:01.900020,2025-01-11 20:12:01.900020
1,771,FL-0771,9,19,14,2025-01-07 23:22:11.869848,2025-01-08 03:22:11.869848
22,772,FL-0772,1,23,6,2025-01-09 20:02:27.117653,2025-01-10 07:02:27.117653
20,773,FL-0773,10,17,12,2025-01-10 00:11:29.341874,2025-01-10 02:11:29.341874
22,774,FL-0774,4,11,7,2025-01-06 06:19:52.768340,2025-01-06 14:19:52.768340
4,775,FL-0775,1,20,14,2025-01-08 18:29:26.824742,2025-01-09 01:29:26.824742
29,776,FL-0776,3,16,15,2025-01-03 18:42:08.106445,2025-01-04 00:42:08.106445
8,777,FL-0777,1,20,10,2025-01-09 03:44:37.096962,2025-01-09 11:44:37.096962
28,778,FL-0778,2,14,4,2025-01-10 13:29:32.750538,2025-01-10 15:29:32.750538
13,779,FL-0779,5,19,20,2025-01-05 07:34:35.569296,2025-01-05 08:34:35.569296
8,780,FL-0780,4,14,11,2025-01-11 00:32:07.813971,2025-01-11 03:32:07.813971
16,781,FL-0781,4,13,12,2025-01-05 04:10:59.296452,2025-01-05 10:10:59.296452
30,782,FL-0782,6,19,20,2025-01-08 21:26:05.460440,2025-01-09 03:26:05.460440
28,783,FL-0783,3,7,4,2025-01-05 21:17:50.012806,2025-01-06 05:17:50.012806
22,784,FL-0784,5,24,23,2025-01-07 14:38:04.715124,2025-01-07 20:38:04.715124
17,785,FL-0785,1,18,13,2025-01-11 11:04:09.620267,2025-01-11 15:04:09.620267
11,786,FL-0786,6,13,8,2025-01-06 11:47:24.338437,2025-01-06 22:47:24.338437
24,787,FL-0787,2,3,4,2025-01-06 11:13:23.489614,2025-01-06 23:13:23.489614
30,788,FL-0788,10,15,2,2025-01-05 17:47:51.443916,2025-01-06 04:47:51.443916
16,789,FL-0789,3,18,11,2025-01-11 21:41:14.446474,2025-01-12 09:41:14.446474
19,790,FL-0790,4,3,7,2025-01-11 16:24:51.369779,2025-01-11 23:24:51.369779
28,791,FL-0791,5,8,19,2025-01-11 22:24:16.860800,2025-01-12 03:24:16.860800
1,792,FL-0792,4,23,6,2025-01-10 17:23:37.383330,2025-01-10 22:23:37.383330
27,793,FL-0793,6,10,18,2025-01-06 15:40:43.419339,2025-01-07 00:40:43.419339
23,794,FL-0794,5,5,23,2025-01-04 16:28:25.479011,2025-01-04 20:28:25.479011
4,795,FL-0795,3,22,4,2025-01-09 01:59:01.760519,2025-01-09 06:59:01.760519
3,796,FL-0796,9,14,9,2025-01-09 20:42:00.744693,2025-01-09 23:42:00.744693
25,797,FL-0797,1,4,2,2025-01-07 15:52:09.672187,2025-01-07 18:52:09.672187
16,798,FL-0798,3,7,5,2025-01-01 03:20:20.945341,2025-01-01 06:20:20.945341
19,799,FL-0799,4,1,17,2025-01-05 11:59:28.879388,2025-01-05 20:59:28.879388
29,800,FL-0800,6,25,22,2025-01-08 04:56:59.128352,2025-01-08 05:56:59.128352
29,801,FL-0801,2,22,19,2025-01-10 15:40:00.720906,2025-01-10 17:40:00.720906
22,802,FL-0802,9,13,4,2025-01-09 02:38:21.033896,2025-01-09 08:38:21.033896
6,803,FL-0803,7,20,21,2025-01-07 19:05:39.813969,2025-01-08 02:05:39.813969
18,804,FL-0804,4,25,24,2025-01-11 19:32:14.568176,2025-01-12 00:32:14.568176
26,805,FL-0805,2,15,17,2025-01-10 08:15:57.143005,2025-01-10 15:15:57.143005
17,806,FL-0806,10,7,13,2025-01-04 03:16:55.066669,2025-01-04 15:16:55.066669
10,807,FL-0807,9,23,12,2025-01-03 19:35:43.055340,2025-01-03 20:35:43.055340
10,808,FL-0808,5,23,15,2025-01-05 19:13:53.168074,2025-01-06 04:13:53.168074
9,809,FL-0809,9,14,22,2025-01-11 19:00:39.117603,2025-01-12 07:00:39.117603
7,810,FL-0810,10,4,17,2025-01-03 07:20:53.609760,2025-01-03 08:20:53.609760
30,811,FL-0811,3,13,24,2025-01-04 05:19:44.562012,2025-01-04 16:19:44.562012
21,812,FL-0812,3,21,20,2025-01-07 23:50:09.561685,2025-01-08 02:50:09.561685
17,813,FL-0813,6,14,22,2025-01-09 17:37:09.527026,2025-01-10 00:37:09.527026
10,814,FL-0814,4,5,6,2025-01-08 22:47:54.794846,2025-01-09 03:47:54.794846
1,815,FL-0815,8,4,6,2025-01-04 11:41:10.896276,2025-01-04 15:41:10.896276
14,816,FL-0816,2,9,11,2025-01-01 07:05:48.906300,2025-01-01 09:05:48.906300
15,817,FL-0817,5,9,15,2025-01-12 07:28:00.028817,2025-01-12 18:28:00.028817
12,818,FL-0818,7,22,15,2025-01-03 06:25:12.122562,2025-01-03 14:25:12.122562
6,819,FL-0819,1,9,13,2025-01-09 17:03:32.378606,2025-01-10 03:03:32.378606
24,820,FL-0820,10,12,21,2025-01-05 17:09:32.310858,2025-01-06 02:09:32.310858
26,821,FL-0821,9,7,9,2025-01-12 22:30:36.894090,2025-01-12 23:30:36.894090
13,822,FL-0822,3,11,25,2025-01-04 12:43:23.976370,2025-01-04 22:43:23.976370
12,823,FL-0823,4,8,5,2025-01-01 12:13:19.719386,2025-01-01 18:13:19.719386
7,824,FL-0824,1,8,25,2025-01-01 22:33:24.297042,2025-01-02 05:33:24.297042
24,825,FL-0825,8,6,17,2025-01-07 05:01:35.645501,2025-01-07 09:01:35.645501
6,826,FL-0826,9,5,15,2025-01-12 18:41:19.228820,2025-01-13 01:41:19.228820
23,827,FL-0827,3,8,5,2025-01-03 04:42:49.098186,2025-01-03 09:42:49.098186
24,828,FL-0828,6,13,20,2025-01-03 18:36:27.429465,2025-01-04 06:36:27.429465
17,829,FL-0829,8,6,9,2025-01-12 11:00:46.653290,2025-01-12 15:00:46.653290
28,830,FL-0830,4,14,19,2025-01-11 02:55:31.326329,2025-01-11 11:55:31.326329
30,831,FL-0831,5,5,22,2025-01-01 12:04:46.798987,2025-01-01 13:04:46.798987
1,832,FL-0832,6,18,1,2025-01-08 14:55:41.115616,2025-01-08 19:55:41.115616
27,833,FL-0833,6,8,17,2025-01-08 18:09:37.240822,2025-01-08 22:09:37.240822
18,834,FL-0834,5,17,4,2025-01-09 22:50:19.921137,2025-01-10 02:50:19.921137
11,835,FL-0835,10,6,18,2025-01-05 17:45:12.818774,2025-01-06 02:45:12.818774
2,836,FL-0836,7,20,9,2025-01-08 02:11:12.290072,2025-01-08 13:11:12.290072
12,837,FL-0837,10,3,14,2025-01-01 20:28:55.900022,2025-01-02 08:28:55.900022
24,838,FL-0838,5,3,18,2025-01-05 08:48:46.315657,2025-01-05 11:48:46.315657
6,839,FL-0839,3,5,8,2025-01-04 04:32:13.117741,2025-01-04 15:32:13.117741
4,840,FL-0840,2,15,22,2025-01-12 07:41:17.050435,2025-01-12 12:41:17.050435
23,841,FL-0841,9,3,25,2025-01-01 06:53:03.124781,2025-01-01 17:53:03.124781
8,842,FL-0842,3,23,19,2025-01-10 23:45:57.757811,2025-01-11 06:45:57.757811
22,843,FL-0843,5,17,13,2025-01-11 17:51:15.393020,2025-01-11 21:51:15.393020
1,844,FL-0844,3,23,10,2025-01-03 03:17:44.981358,2025-01-03 12:17:44.981358
4,845,FL-0845,6,18,17,2025-01-12 11:34:54.216399,2025-01-12 17:34:54.216399
5,846,FL-0846,2,5,9,2025-01-05 11:50:47.393443,2025-01-05 12:50:47.393443
9,847,FL-0847,8,16,21,2025-01-06 02:09:31.788372,2025-01-06 13:09:31.788372
21,848,FL-0848,10,25,15,2025-01-02 04:36:43.304952,2025-01-02 14:36:43.304952
2,849,FL-0849,8,22,5,2025-01-02 20:13:42.069366,2025-01-03 08:13:42.069366
10,850,FL-0850,6,17,7,2025-01-12 21:02:58.623835,2025-01-13 08:02:58.623835
14,851,FL-0851,3,22,13,2025-01-07 10:00:31.988162,2025-01-07 21:00:31.988162
3,852,FL-0852,1,24,10,2025-01-05 04:24:45.345643,2025-01-05 13:24:45.345643
28,853,FL-0853,7,4,10,2025-01-07 11:42:35.707427,2025-01-07 21:42:35.707427
30,854,FL-0854,7,12,16,2025-01-08 12:03:00.126464,2025-01-08 15:03:00.126464
12,855,FL-0855,5,6,15,2025-01-10 16:31:41.530241,2025-01-11 04:31:41.530241
20,856,FL-0856,8,1,23,2025-01-05 00:18:28.350736,2025-01-05 11:18:28.350736
11,857,FL-0857,7,21,24,2025-01-08 09:03:45.461987,2025-01-08 11:03:45.461987
30,858,FL-0858,5,20,13,2025-01-06 14:29:40.958121,2025-01-06 21:29:40.958121
22,859,FL-0859,2,21,20,2025-01-05 13:49:04.885206,2025-01-05 17:49:04.885206
20,860,FL-0860,3,6,11,2025-01-10 09:16:41.618230,2025-01-10 17:16:41.618230
24,861,FL-0861,6,15,24,2025-01-12 11:47:51.211890,2025-01-12 20:47:51.211890
8,862,FL-0862,9,4,21,2025-01-06 02:11:40.974727,2025-01-06 07:11:40.974727
28,863,FL-0863,5,14,3,2025-01-05 20:28:55.294355,2025-01-06 06:28:55.294355
24,864,FL-0864,1,3,21,2025-01-11 07:12:42.528152,2025-01-11 13:12:42.528152
13,865,FL-0865,7,15,18,2025-01-04 22:38:15.983969,2025-01-05 05:38:15.983969
10,866,FL-0866,2,4,16,2025-01-11 21:07:42.608521,2025-01-12 06:07:42.608521
14,867,FL-0867,1,22,8,2025-01-07 15:41:57.992389,2025-01-07 19:41:57.992389
14,868,FL-0868,7,4,8,2025-01-05 19:07:49.261461,2025-01-05 22:07:49.261461
6,869,FL-0869,6,21,5,2025-01-06 03:17:44.136199,2025-01-06 12:17:44.136199
25,870,FL-0870,4,23,22,2025-01-11 04:39:26.459938,2025-01-11 15:39:26.459938
29,871,FL-0871,9,3,22,2025-01-04 04:17:53.525164,2025-01-04 06:17:53.525164
12,872,FL-0872,4,23,18,2025-01-09 08:35:31.595902,2025-01-09 18:35:31.595902
19,873,FL-0873,2,17,2,2025-01-07 11:30:27.024105,2025-01-07 19:30:27.024105
12,874,FL-0874,3,13,23,2025-01-05 08:59:42.951668,2025-01-05 11:59:42.951668
22,875,FL-0875,7,22,23,2025-01-11 13:47:43.322758,2025-01-11 22:47:43.322758
22,876,FL-0876,9,5,25,2025-01-02 10:47:51.178704,2025-01-02 22:47:51.178704
17,877,FL-0877,3,21,6,2025-01-07 02:24:32.797062,2025-01-07 11:24:32.797062
9,878,FL-0878,8,23,25,2025-01-05 20:27:19.887350,2025-01-06 03:27:19.887350
24,879,FL-0879,4,2,5,2025-01-12 10:05:24.457592,2025-01-12 22:05:24.457592
27,880,FL-0880,2,23,11,2025-01-08 13:57:01.669693,2025-01-08 17:57:01.669693
5,881,FL-0881,5,8,3,2025-01-09 20:00:11.257875,2025-01-10 00:00:11.257875
29,882,FL-0882,9,21,10,2025-01-01 10:54:37.922569,2025-01-01 15:54:37.922569
7,883,FL-0883,4,19,1,2025-01-07 02:46:05.139357,2025-01-07 14:46:05.139357
14,884,FL-0884,6,14,4,2025-01-12 05:10:27.585186,2025-01-12 14:10:27.585186
15,885,FL-0885,10,14,4,2025-01-10 05:20:28.545628,2025-01-10 17:20:28.545628
16,886,FL-0886,10,5,13,2025-01-12 21:46:08.182965,2025-01-12 22:46:08.182965
8,887,FL-0887,3,14,15,2025-01-05 17:35:06.956153,2025-01-06 00:35:06.956153
21,888,FL-0888,7,1,15,2025-01-11 11:47:57.830191,2025-01-11 23:47:57.830191
23,889,FL-0889,2,25,21,2025-01-03 04:11:12.923722,2025-01-03 05:11:12.923722
1,890,FL-0890,1,22,4,2025-01-08 07:07:28.189790,2025-01-08 15:07:28.189790
28,891,FL-0891,6,1,9,2025-01-08 08:02:45.320401,2025-01-08 13:02:45.320401
4,892,FL-0892,6,15,21,2025-01-07 17:58:54.839705,2025-01-07 23:58:54.839705
7,893,FL-0893,7,6,14,2025-01-09 07:23:28.779580,2025-01-09 11:23:28.779580
23,894,FL-0894,3,16,3,2025-01-06 21:57:53.403520,2025-01-07 02:57:53.403520
11,895,FL-0895,8,8,4,2025-01-12 20:04:41.430229,2025-01-12 21:04:41.430229
9,896,FL-0896,10,9,3,2025-01-10 01:02:06.263728,2025-01-10 03:02:06.263728
28,897,FL-0897,2,9,7,2025-01-11 14:49:34.547925,2025-01-11 21:49:34.547925
25,898,FL-0898,6,18,15,2025-01-12 23:34:02.959250,2025-01-13 04:34:02.959250
6,899,FL-0899,4,21,13,2025-01-03 21:31:00.704492,2025-01-04 07:31:00.704492
5,900,FL-0900,6,12,21,2025-01-01 12:02:30.448631,2025-01-01 14:02:30.448631
23,901,FL-0901,4,3,24,2025-01-06 20:05:13.618575,2025-01-07 00:05:13.618575
24,902,FL-0902,7,13,23,2025-01-10 07:24:45.406759,2025-01-10 11:24:45.406759
1,903,FL-0903,2,22,17,2025-01-02 18:48:27.280223,2025-01-03 04:48:27.280223
2,904,FL-0904,6,3,13,2025-01-04 13:35:54.805866,2025-01-04 14:35:54.805866
23,905,FL-0905,3,23,14,2025-01-12 07:55:34.988874,2025-01-12 14:55:34.988874
18,906,FL-0906,6,9,8,2025-01-05 00:18:25.927182,2025-01-05 03:18:25.927182
28,907,FL-0907,9,9,13,2025-01-09 18:29:37.172555,2025-01-09 22:29:37.172555
26,908,FL-0908,5,12,23,2025-01-12 21:38:16.514566,2025-01-13 00:38:16.514566
4,909,FL-0909,6,17,22,2025-01-10 08:12:16.901732,2025-01-10 18:12:16.901732
21,910,FL-0910,5,23,7,2025-01-01 20:49:17.711150,2025-01-01 22:49:17.711150
18,911,FL-0911,8,5,10,2025-01-01 05:03:42.893675,2025-01-01 17:03:42.893675
4,912,FL-0912,1,16,7,2025-01-12 02:57:33.386667,2025-01-12 09:57:33.386667
29,913,FL-0913,8,17,22,2025-01-09 05:24:43.691498,2025-01-09 10:24:43.691498
29,914,FL-0914,8,16,7,2025-01-03 21:30:34.608956,2025-01-04 02:30:34.608956
10,915,FL-0915,3,15,10,2025-01-09 04:03:49.563897,2025-01-09 13:03:49.563897
14,916,FL-0916,3,16,22,2025-01-10 16:49:01.988663,2025-01-10 19:49:01.988663
29,917,FL-0917,3,7,11,2025-01-06 19:34:38.422950,2025-01-07 05:34:38.422950
25,918,FL-0918,3,22,14,2025-01-12 18:40:29.309289,2025-01-13 03:40:29.309289
10,919,FL-0919,1,20,15,2025-01-09 02:41:48.027651,2025-01-09 08:41:48.027651
19,920,FL-0920,6,20,12,2025-01-12 12:00:00.666846,2025-01-12 16:00:00.666846
27,921,FL-0921,4,9,15,2025-01-08 07:10:50.624465,2025-01-08 08:10:50.624465
11,922,FL-0922,8,6,1,2025-01-02 22:11:15.423579,2025-01-03 06:11:15.423579
20,923,FL-0923,8,7,21,2025-01-12 15:11:47.291822,2025-01-12 19:11:47.291822
25,924,FL-0924,2,14,24,2025-01-06 20:27:05.652790,2025-01-06 22:27:05.652790
26,925,FL-0925,2,17,14,2025-01-05 14:36:29.338711,2025-01-05 17:36:29.338711
22,926,FL-0926,10,11,7,2025-01-02 15:51:03.875566,2025-01-02 17:51:03.875566
24,927,FL-0927,6,5,13,2025-01-09 23:51:42.305668,2025-01-10 10:51:42.305668
12,928,FL-0928,9,24,14,2025-01-04 07:40:21.619010,2025-01-04 18:40:21.619010
1,929,FL-0929,3,10,13,2025-01-08 08:34:13.553031,2025-01-08 14:34:13.553031
14,930,FL-0930,6,18,9,2025-01-01 19:34:45.176491,2025-01-02 02:34:45.176491
4,931,FL-0931,2,9,23,2025-01-04 02:06:05.852530,2025-01-04 08:06:05.852530
19,932,FL-0932,3,3,7,2025-01-02 00:48:32.228339,2025-01-02 07:48:32.228339
4,933,FL-0933,7,14,3,2025-01-05 16:36:30.565517,2025-01-05 22:36:30.565517
29,934,FL-0934,8,9,6,2025-01-05 09:09:14.439992,2025-01-05 10:09:14.439992
2,935,FL-0935,6,18,7,2025-01-07 17:24:44.775255,2025-01-08 00:24:44.775255
23,936,FL-0936,9,1,11,2025-01-02 15:58:35.983985,2025-01-02 16:58:35.983985
16,937,FL-0937,10,13,1,2025-01-12 19:16:27.590357,2025-01-13 06:16:27.590357
6,938,FL-0938,8,15,14,2025-01-07 06:19:34.359618,2025-01-07 11:19:34.359618
19,939,FL-0939,4,15,25,2025-01-13 10:21:17.132388,2025-01-13 11:21:17.132388
8,940,FL-0940,9,10,18,2025-01-01 13:24:00.325533,2025-01-01 22:24:00.325533
17,941,FL-0941,9,1,9,2025-01-08 07:43:00.271978,2025-01-08 10:43:00.271978
16,942,FL-0942,7,5,8,2025-01-01 10:45:20.886261,2025-01-01 22:45:20.886261
26,943,FL-0943,7,14,22,2025-01-08 15:41:37.441647,2025-01-08 22:41:37.441647
1,944,FL-0944,1,23,20,2025-01-01 22:17:28.943764,2025-01-02 05:17:28.943764
5,945,FL-0945,2,8,6,2025-01-06 23:20:36.886260,2025-01-07 00:20:36.886260
29,946,FL-0946,3,12,25,2025-01-05 06:44:23.136438,2025-01-05 16:44:23.136438
1,947,FL-0947,6,16,9,2025-01-08 23:32:21.884430,2025-01-09 06:32:21.884430
29,948,FL-0948,2,10,6,2025-01-01 06:58:35.507685,2025-01-01 13:58:35.507685
8,949,FL-0949,10,19,18,2025-01-06 04:03:30.289421,2025-01-06 12:03:30.289421
21,950,FL-0950,5,5,21,2025-01-03 02:08:33.780101,2025-01-03 10:08:33.780101
2,951,FL-0951,2,7,6,2025-01-10 06:43:25.638319,2025-01-10 13:43:25.638319
11,952,FL-0952,8,16,25,2025-01-01 07:16:56.918334,2025-01-01 17:16:56.918334
5,953,FL-0953,5,23,8,2025-01-10 00:23:14.860183,2025-01-10 03:23:14.860183
13,954,FL-0954,8,1,17,2025-01-07 09:14:21.015246,2025-01-07 21:14:21.015246
13,955,FL-0955,9,18,11,2025-01-08 23:23:45.073952,2025-01-09 05:23:45.073952
15,956,FL-0956,7,25,18,2025-01-03 18:06:46.465934,2025-01-03 20:06:46.465934
24,957,FL-0957,10,7,18,2025-01-03 15:22:50.881898,2025-01-03 23:22:50.881898
21,958,FL-0958,10,18,15,2025-01-12 10:36:14.640754,2025-01-12 14:36:14.640754
24,959,FL-0959,9,5,22,2025-01-10 00:14:28.715507,2025-01-10 06:14:28.715507
2,960,FL-0960,3,1,18,2025-01-08 09:04:45.130566,2025-01-08 18:04:45.130566
27,961,FL-0961,8,23,7,2025-01-03 08:47:42.339595,2025-01-03 11:47:42.339595
11,962,FL-0962,4,25,24,2025-01-11 15:57:49.790091,2025-01-12 02:57:49.790091
12,963,FL-0963,1,2,9,2025-01-07 17:10:42.165143,2025-01-08 04:10:42.165143
3,964,FL-0964,3,2,13,2025-01-08 15:25:21.592443,2025-01-08 19:25:21.592443
6,965,FL-0965,1,24,3,2025-01-01 08:16:39.467602,2025-01-01 16:16:39.467602
21,966,FL-0966,6,9,15,2025-01-05 16:43:36.598257,2025-01-06 03:43:36.598257
15,967,FL-0967,6,17,4,2025-01-09 23:41:29.919755,2025-01-10 11:41:29.919755
1,968,FL-0968,5,18,11,2025-01-09 20:51:07.880506,2025-01-10 07:51:07.880506
20,969,FL-0969,2,25,5,2025-01-07 20:27:33.327724,2025-01-07 22:27:33.327724
1,970,FL-0970,8,17,24,2025-01-11 16:56:30.870024,2025-01-11 18:56:30.870024
15,971,FL-0971,8,12,10,2025-01-03 13:33:07.684503,2025-01-03 17:33:07.684503
8,972,FL-0972,6,1,4,2025-01-08 09:07:03.603324,2025-01-08 16:07:03.603324
28,973,FL-0973,3,16,7,2025-01-05 02:16:24.489424,2025-01-05 04:16:24.489424
10,974,FL-0974,1,20,17,2025-01-01 16:08:04.055763,2025-01-01 19:08:04.055763
7,975,FL-0975,8,13,25,2025-01-03 21:41:23.073135,2025-01-04 00:41:23.073135
5,976,FL-0976,9,9,16,2025-01-07 18:06:35.897184,2025-01-07 22:06:35.897184
27,977,FL-0977,9,22,6,2025-01-09 11:22:54.018127,2025-01-09 13:22:54.018127
16,978,FL-0978,7,17,1,2025-01-12 16:12:49.755675,2025-01-12 19:12:49.755675
4,979,FL-0979,8,4,18,2025-01-12 10:05:54.188466,2025-01-12 11:05:54.188466
5,980,FL-0980,2,8,13,2025-01-03 06:54:58.006776,2025-01-03 18:54:58.006776
5,981,FL-0981,7,19,17,2025-01-07 03:21:30.905674,2025-01-07 15:21:30.905674
6,982,FL-0982,8,8,23,2025-01-09 18:51:49.005486,2025-01-10 06:51:49.005486
6,983,FL-0983,4,10,2,2025-01-09 05:14:18.000475,2025-01-09 07:14:18.000475
16,984,FL-0984,2,12,19,2025-01-03 08:29:10.074030,2025-01-03 13:29:10.074030
2,985,FL-0985,8,14,21,2025-01-06 12:12:51.820009,2025-01-06 16:12:51.820009
24,986,FL-0986,9,3,15,2025-01-07 07:30:15.152756,2025-01-07 15:30:15.152756
19,987,FL-0987,10,25,2,2025-01-09 23:12:37.025356,2025-01-10 04:12:37.025356
1,988,FL-0988,7,25,6,2025-01-12 07:05:33.630999,2025-01-12 12:05:33.630999
4,989,FL-0989,2,3,9,2025-01-04 06:19:26.562674,2025-01-04 10:19:26.562674
9,990,FL-0990,5,15,5,2025-01-07 08:21:36.314275,2025-01-07 12:21:36.314275
11,991,FL-0991,2,3,5,2025-01-03 14:13:14.632574,2025-01-03 23:13:14.632574
16,992,FL-0992,8,6,11,2025-01-10 13:42:36.387399,2025-01-10 23:42:36.387399
20,993,FL-0993,9,15,5,2025-01-10 23:17:48.428570,2025-01-11 05:17:48.428570
25,994,FL-0994,7,8,19,2025-01-07 13:01:07.604235,2025-01-07 23:01:07.604235
27,995,FL-0995,1,8,22,2025-01-11 08:22:03.711233,2025-01-11 09:22:03.711233
26,996,FL-0996,2,9,15,2025-01-10 08:24:19.689339,2025-01-10 12:24:19.689339
6,997,FL-0997,9,23,25,2025-01-02 06:00:00.398732,2025-01-02 16:00:00.398732
7,998,FL-0998,4,12,6,2025-01-13 09:55:35.653265,2025-01-13 15:55:35.653265
10,999,FL-0999,1,21,8,2025-01-02 14:15:27.963560,2025-01-03 00:15:27.963560
9,1000,FL-1000,3,22,4,2025-01-05 18:47:20.841904,2025-01-05 19:47:20.841904
